id,name,slot_type_id,default_asset_id
188,속옷001,12,0
224,소환수장비 일반등급(투구),1,0
227,소환수장비 일반등급(안장),4,0
228,소환수장비 일반등급(신발),7,0
229,속옷001,13,0
522,해제,3,0
524,해제,6,0
525,해제,5,0
526,해제,7,0
527,l_026 2chest,3,0
529,l_026 4hands,6,0
530,l_026 3legs,5,0
531,l_026 5feet,7,0
542,드워프 임시 002,1,0
543,드워프 임시 002,3,0
545,드워프 임시 002,6,0
547,드워프 임시 002,5,0
548,드워프 임시 002,7,0
555,l_028 5feet,7,0
556,m_023 1head,1,0
557,m_023 2chest,3,0
559,m_023 4hands,6,0
561,m_023 3legs,5,0
562,m_023 5feet (not use),7,0
564,해제,3,0
566,해제,6,0
568,해제,5,0
569,해제,7,0
570,해제,1,0
571,해제,3,0
573,해제,6,0
575,해제,5,0
576,해제,7,0
577,l_025 1head,1,0
578,l_025 2chest,3,0
580,l_025 4hands,6,0
582,l_025 3legs,5,0
583,l_025 5feet,7,0
591,해제,1,0
592,해제,3,0
594,해제,6,0
596,해제,5,0
597,해제,7,0
646,해제,1,0
674,c_024 1head,1,0
675,c_024 2chest,3,0
677,c_024 4hands (not use),6,0
679,c_024 3legs,5,0
680,c_024 5feet,7,0
681,c_022 1head,1,0
682,c_022 2chest,3,0
684,c_022 4hands,6,0
686,c_022 3legs,5,0
687,c_022 5feet,7,0
786,c_033 2chest,3,0
788,c_033 3legs,5,0
789,해제,7,0
794,l_026 1head,1,0
801,해제,6,0
803,c_059 2chest,3,0
804,해제,6,0
805,해제,7,0
806,종족전용001,3,0
807,종족전용001,5,0
808,종족전용001,6,0
809,종족전용001,7,0
811,해제,5,0
812,아동001,3,0
813,아동001,5,0
814,아동 001,7,0
832,c_033 1head,1,0
844,아스트라001,3,0
845,아스트라001,7,0
846,아스트라001,6,0
872,l_204 3legs,5,0
874,l_030 1head,1,0
875,l_030 2chest,3,0
876,l_030 4hands,6,0
877,l_030 3legs,5,0
878,l_030 5feet,7,0
884,드워프 소년 001,3,0
898,l_203 3legs,5,0
900,c_030 1head,1,0
901,c_030 2chest,3,0
902,c_030 4hands,6,0
903,c_032_1 3legs,5,0
904,c_030 5feet - 안쓰는 듯,7,0
905,c_034 1head,1,0
906,c_034 2chest,3,0
907,해제,6,0
908,c_034 3legs,5,0
909,해제,7,0
925,l_027 1head,1,0
926,l_027 2chest,3,0
927,l_027 4hands,6,0
928,l_027 3legs,5,0
929,l_027 5feet,7,0
935,c_207 1head,1,0
936,c_208 2chest,3,0
937,l_014,6,0
938,c_208 3legs,5,0
939,l_014,7,0
940,m_024 1head,1,0
941,m_024 2chest,3,0
942,m_024 4hands,6,0
943,m_024 3legs,5,0
944,m_024 5feet,7,0
957,해제,6,0
965,c_037 1head,1,0
966,c_037 2chest,3,0
967,c_037 4hands,6,0
968,c_037 3legs,5,0
969,해제,7,0
970,l_032 1head,1,0
971,l_032 2chest,3,0
972,l_032 4hands,6,0
973,l_032 3legs,5,0
974,l_032 5feet,7,0
975,l_035 1head,1,0
976,l_035 2chest,3,0
978,l_035 4hands,6,0
980,l_035 3legs,5,0
981,l_035 5feet,7,0
982,m_002,1,0
983,m_002,3,0
984,m_002,6,0
985,c_204 3legs,5,0
986,m_002,7,0
987,l_036 1head,1,0
988,l_036 2chest,3,0
989,l_036 4hands 사용안함,6,0
990,l_036 3legs,5,0
991,l_036 5feet,7,0
1002,npc 드워프 기술자 1head,1,0
1003,npc 드워프 기술자 2chest,3,0
1004,npc 드워프 기술자 3legs,5,0
1005,npc 드워프 기술자 4hands,6,0
1006,npc 드워프 기술자 5feet,7,0
1007,c_029 1head,1,0
1008,c_029 2chest,3,0
1009,c_029 3legs,5,0
1010,c_029 4hands,6,0
1011,c_029 5feet,7,0
1012,c_050 1head,1,0
1013,c_050 2chest,3,0
1015,c_050 4hands,6,0
1017,컷신 - 여선장_피묻은 1head,1,0
1018,컷신 - 여선장_피묻은 2chest,3,0
1019,컷신 - 여선장_피묻은 3legs,5,0
1020,컷신 - 여선장_피묻은 4hands,6,0
1021,컷신 - 여선장_피묻은 5feet,7,0
1022,l_028 1head,1,0
1023,l_028 2chest,3,0
1024,l_028 3leg,5,0
1025,l_028 4hands,6,0
1037,l_029 1head,1,0
1038,l_029 2chest,3,0
1039,l_029 3legs,5,0
1040,l_029 4hands,6,0
1041,l_029 5feet,7,0
1042,c_028 1head,1,0
1043,c_028 2chest,3,0
1044,c_028 3legs,5,0
1045,c_028 4hands,6,0
1046,c_028 5feet,7,0
1047,l_022 1head,1,0
1048,l_022 2chest,3,0
1049,l_022 3legs,5,0
1050,l_022 4hands,6,0
1051,l_022 5feet,7,0
1052,l_023 1head,1,0
1053,l_023 2chest,3,0
1054,l_023 3legs,5,0
1055,l_023 4hands,6,0
1056,l_023 5feet,7,0
1099,메이드001,3,0
1100,누이안 뚱뚱한 남자 001 가슴(통짜옷),3,0
1102,cloth본 테스트,6,0
1103,누이안 뚱뚱한 남자 002 가슴(통짜옷),3,0
1104,cloth본 테스트(롱치마),5,0
1105,아동 002,3,0
1107,아동 002,7,0
1108,아동 003,3,0
1109,아동 003,7,0
1110,로그인 스테이지,1,0
1111,로그인 스테이지 2chest,3,0
1112,로그인 스테이지 3legs,5,0
1113,로그인 스테이지 4hands,6,0
1114,로그인 스테이지 5feet,7,0
1115,c_027_1 1head,1,0
1116,c_038 2chest,3,0
1117,c_038 3legs,5,0
1118,해제,6,0
1119,해제,7,0
1120,컷신 - c_100 1head,1,0
1121,컷신 - c_100 2chest,3,0
1122,컷신 - c_100 3legs,5,0
1123,컷신 - c_100 4hands,6,0
1124,컷신 - c_100 5feet,7,0
1135,m_002_v001,1,0
1136,m_002_v001,3,0
1137,m_002_v001,5,0
1139,m_002_v001,7,0
1165,c_026 1head,1,0
1166,c_026 2chest,3,0
1167,c_026 3legs,5,0
1168,c_026 4hands,6,0
1169,c_026 5feet,7,0
1170,c_027 1head,1,0
1171,c_027 2chest,3,0
1172,c_027 3legs,5,0
1173,c_027 4hands,6,0
1174,c_027 5feet,7,0
1175,m_029 1head,1,0
1176,m_029 2chest,3,0
1177,m_029 3legs,5,0
1178,m_029 4hands,6,0
1179,m_029 5feet,7,0
1180,c_035 1head,1,0
1181,c_035 2chest,3,0
1182,c_035 3legs,5,0
1183,해제,6,0
1184,해제,7,0
1185,재판관,1,0
1187,해제,3,0
1188,해제,5,0
1189,c_025 1head,1,0
1190,c_025 2chest,3,0
1191,c_025 3leg,5,0
1192,c_025 4hands,6,0
1193,c_025 5feet,7,0
1194,c_025_c02,1,0
1195,c_025_c02,3,0
1196,c_025_c02,5,0
1197,c_025_c02,6,0
1198,c_025_c02,7,0
1199,c_051 1head,1,0
1200,c_051 2chest,3,0
1201,c_049 3legs,5,0
1202,c_051 4hands,6,0
1203,c_051 5feet,7,0
1204,c_031 1head,1,0
1205,c_031 2chest,3,0
1206,c_031 3legs,5,0
1207,해제,6,0
1208,해제,7,0
1209,c_032 1head,1,0
1210,c_032 2chest,3,0
1211,c_032 3legs,5,0
1212,해제,6,0
1213,해제,7,0
1235,c_206 1head,1,0
1236,c_204 2chest,3,0
1237,c_207 3legs,5,0
1238,l_013,6,0
1239,l_013,7,0
1240,l_024 1head,1,0
1241,l_024 2chest,3,0
1242,l_024 3legs,5,0
1243,l_024 4hands,6,0
1244,l_024 5feet,7,0
1245,c_101 1head,1,0
1246,컷신 - c_101 2chest,3,0
1247,컷신 - c_101 3legs,5,0
1248,컷신 - c_101 4hands,6,0
1249,컷신 - c_101 5feet,7,0
1250,컷신 - l_100 1head,1,0
1251,컷신 - l_100 2chest,3,0
1252,컷신 - l_100 3legs,5,0
1253,컷신 - l_100 4hands,6,0
1254,컷신 - l_100 5feet,7,0
1255,m_038 1head,1,0
1256,m_038 2chest,3,0
1257,해제,5,0
1258,m_038 4hands,6,0
1259,m_038 5feet,7,0
1260,m_022 1head,1,0
1261,m_022 2chest,3,0
1262,m_022 3legs,5,0
1263,m_022 4hands,6,0
1264,m_022 5feet,7,0
1295,기본001_va01,3,0
1296,기본001_va01,5,0
1297,m_002_v001,6,0
1299,날틀,9,3129
1300,npc oxygen_test,9,0
1301,l_050 1head,1,0
1302,죄수복,3,0
1303,l_050 3legs,5,0
1304,l_050 4hands,6,0
1305,죄수복,7,0
1306,죄수복_co01,1,0
1307,l_125 2chest,3,0
1308,죄수복_co01,5,0
1310,죄수복_co01,6,0
1311,l_050 5feet,7,0
1312,죄수복_co02,1,0
1313,죄수복_co02,3,0
1314,죄수복_co02,5,0
1315,죄수복_co02,6,0
1316,죄수복_co02,7,0
1317,시녀장,1,0
1318,시녀장,3,0
1319,시녀장,5,0
1321,시녀장,7,0
1322,c_226 1head,1,0
1323,c_226 2chest,3,0
1324,c_226 3legs,5,0
1325,c_226 4hands,6,0
1326,c_226 5feet,7,0
1330,c_205 2chest,3,0
1336,컷신 - 여선장 머리,1,0
1337,c_206 2chest,3,0
1338,컷신 - 여선장 다리,5,0
1339,컷신 - 여선장 손,6,0
1340,컷신 - 여선장 발,7,0
1342,c_207 2chest,3,0
1347,c_300 2chest (ha_f only),3,0
1352,c_905,3,0
1357,c_906,3,0
1362,c_907,3,0
1367,c_908,3,0
1375,c_909,3,0
1379,c_203 1head,1,0
1380,c_200 2chest,3,0
1381,c_200 3legs,5,0
1382,l_011,6,0
1383,c_200 5feet,7,0
1384,c_204 1head,1,0
1385,l_051_1 2chest,3,0
1386,c_205 3legs,5,0
1387,l_011_c01,6,0
1388,l_011_c01,7,0
1389,c_205 1head,1,0
1390,c_203 2chest,3,0
1391,c_206 3legs,5,0
1392,l_011_c02,6,0
1393,l_011_c02,7,0
1395,c_023 1head,1,0
1396,c_023 2chest,3,0
1397,c_023 3legs,5,0
1398,c_023 4hands,6,0
1399,c_023 5feet,7,0
1400,해제,1,0
1401,c_043 2chest,3,0
1402,c_043 3legs,5,0
1403,c_043 4hands,6,0
1404,c_043 5feet,7,0
1406,해제,9,0
1407,c_910,3,0
1408,test_chest_red001,3,0
1410,c_020 1head,1,0
1411,c_020 2chest (로나),3,0
1412,c_055_1 3legs,5,0
1413,c_020(limit),6,0
1414,c_020 5feet (로나),7,0
1415,l_020 5feet,7,0
1416,c_021 1head,1,0
1417,c_021(limit),3,0
1418,c_021 3legs,5,0
1419,c_021(limit),6,0
1420,c_021(limit),7,0
1421,l_020 1head,1,0
1422,l_020(limit),3,0
1423,l_020(limit),5,0
1424,m_020 4hands,6,0
1425,l_020(limit),6,0
1426,컷신 - 여선장 망토,9,0
1427,cp_cloth001 (red),9,0
1428,cp_cloth002 (blue),9,0
1429,cp_cloth003 (green),9,0
1430,cp_cloth004 (yellow),9,0
1431,cp_cloth005(black_red),9,0
1432,cp_cloth006 (white),9,0
1433,l_021(limit),1,0
1434,l_021(limit),3,0
1435,l_021(limit),5,0
1436,l_021(limit),6,0
1437,l_021(limit),7,0
1438,첫걸음 판금 투구,1,0
1439,첫걸음 판금 흉갑,3,0
1440,첫걸음 판금 경갑,5,0
1441,첫걸음 판금 장갑,6,0
1442,첫걸음 판금 장화,7,0
1443,해제,1,0
1444,해제,3,0
1445,해제,5,0
1446,해제,6,0
1447,해제,7,0
1448,해제,1,0
1449,해제,3,0
1450,해제,5,0
1451,해제,6,0
1452,해제,7,0
1453,해제,1,0
1454,해제,3,0
1455,해제,5,0
1456,해제,6,0
1457,해제,7,0
1458,해제,1,0
1459,해제,3,0
1460,해제,5,0
1461,해제,6,0
1462,해제,7,0
1463,해제,1,0
1464,해제,3,0
1465,해제,5,0
1466,해제,6,0
1467,해제,7,0
1468,해제,1,0
1469,해제,3,0
1470,해제,5,0
1471,해제,6,0
1472,해제,7,0
1473,해제,1,0
1474,해제,3,0
1476,해제,5,0
1477,해제,6,0
1478,해제,7,0
1479,해제,1,0
1480,해제,3,0
1482,해제,6,0
1483,해제,7,0
1484,해제,1,0
1486,해제,3,0
1487,해제,5,0
1488,해제,6,0
1489,해제,7,0
1490,해제,1,0
1491,해제,3,0
1492,해제,5,0
1493,해제,6,0
1494,해제,7,0
1495,해제,1,0
1496,해제,3,0
1497,해제,5,0
1498,해제,6,0
1499,해제,7,0
1500,해제,1,0
1501,해제,3,0
1502,해제,5,0
1503,해제,6,0
1504,해제,7,0
1505,해제,1,0
1506,해제,3,0
1507,해제,5,0
1508,해제,6,0
1509,해제,7,0
1510,해제,1,0
1511,해제,3,0
1512,해제,5,0
1513,해제,6,0
1514,해제,7,0
1515,해제,1,0
1516,해제,3,0
1517,해제,5,0
1518,해제,6,0
1519,해제,7,0
1520,첫걸음 가죽 모자,1,0
1521,첫걸음 가죽 흉갑,3,0
1522,첫걸음 가죽 경갑,5,0
1523,첫걸음 가죽 장갑,6,0
1524,첫걸음 가죽 장화,7,0
1525,해제,1,0
1526,해제,3,0
1527,해제,5,0
1528,해제,6,0
1529,해제,7,0
1530,해제,1,0
1531,해제,3,0
1532,해제,5,0
1533,해제,6,0
1534,해제,7,0
1535,해제,1,0
1536,해제,3,0
1537,해제,5,0
1538,해제,6,0
1539,해제,7,0
1540,해제,1,0
1541,해제,3,0
1542,해제,5,0
1543,해제,6,0
1544,해제,7,0
1545,해제,1,0
1546,해제,3,0
1547,해제,5,0
1548,해제,6,0
1549,해제,7,0
1550,해제,1,0
1551,해제,3,0
1552,해제,5,0
1553,해제,6,0
1554,해제,7,0
1555,해제,1,0
1556,해제,3,0
1557,해제,5,0
1558,해제,6,0
1559,해제,7,0
1560,해제,1,0
1561,해제,3,0
1562,해제,5,0
1563,해제,6,0
1564,해제,7,0
1565,해제,1,0
1566,해제,3,0
1567,해제,5,0
1568,해제,6,0
1569,해제,7,0
1570,해제,1,0
1571,해제,3,0
1572,해제,5,0
1573,해제,6,0
1574,해제,7,0
1575,해제,1,0
1576,해제,3,0
1577,해제,5,0
1578,해제,6,0
1579,해제,7,0
1580,해제,1,0
1581,해제,3,0
1582,해제,5,0
1583,해제,6,0
1584,해제,7,0
1585,해제,1,0
1586,해제,3,0
1587,해제,5,0
1588,해제,6,0
1589,해제,7,0
1590,해제,1,0
1591,해제,3,0
1592,해제,5,0
1593,해제,6,0
1594,해제,7,0
1595,해제,1,0
1596,해제,3,0
1597,해제,5,0
1598,해제,6,0
1599,해제,7,0
1600,첫걸음 모자,1,0
1601,첫걸음 상의,3,0
1602,첫걸음 하의,5,0
1603,첫걸음 장갑,6,0
1604,첫걸음 신발,7,0
1605,해제,1,0
1606,해제,3,0
1607,해제,5,0
1608,해제,6,0
1609,해제,7,0
1610,해제,1,0
1611,해제,3,0
1612,해제,5,0
1613,해제,6,0
1614,해제,7,0
1615,해제,1,0
1616,해제,3,0
1617,해제,5,0
1618,해제,6,0
1619,해제,7,0
1620,해제,1,0
1621,해제,3,0
1622,해제,5,0
1623,해제,6,0
1624,해제,7,0
1625,해제,1,0
1626,해제,3,0
1627,해제,5,0
1628,해제,6,0
1629,해제,7,0
1630,해제,1,0
1631,해제,3,0
1632,해제,5,0
1633,해제,6,0
1634,해제,7,0
1635,해제,1,0
1636,해제,3,0
1637,해제,5,0
1638,해제,6,0
1639,해제,7,0
1640,해제,1,0
1641,해제,3,0
1642,해제,5,0
1643,해제,6,0
1644,해제,7,0
1645,해제,1,0
1646,해제,3,0
1647,해제,5,0
1648,해제,6,0
1649,해제,7,0
1650,해제,1,0
1651,해제,3,0
1652,해제,5,0
1653,해제,6,0
1654,해제,7,0
1655,해제,1,0
1656,해제,3,0
1657,해제,5,0
1658,해제,6,0
1659,해제,7,0
1660,해제,1,0
1661,해제,3,0
1662,해제,5,0
1663,해제,6,0
1664,해제,7,0
1665,해제,1,0
1666,해제,3,0
1667,해제,5,0
1668,해제,6,0
1669,해제,7,0
1670,해제,1,0
1671,해제,3,0
1672,해제,5,0
1673,해제,6,0
1674,해제,7,0
1675,해제,1,0
1676,해제,3,0
1677,해제,5,0
1678,해제,6,0
1679,해제,7,0
1680,영상 - 대장,1,0
1681,영상 - 대장,3,0
1682,영상 - 대장,5,0
1683,영상 - 대장,6,0
1684,영상 - 대장,7,0
1685,영상 - 전사1,1,0
1686,영상 - 전사1,3,0
1687,영상 - 전사1,5,0
1688,영상 - 전사1,6,0
1689,영상 - 전사1,7,0
1690,영상 - 전사2,1,0
1691,영상 - 전사2,3,0
1692,영상 - 전사2,5,0
1693,영상 - 전사2,6,0
1694,영상 - 전사2,7,0
1695,영상 - 전사3,1,0
1696,영상 - 전사3,3,0
1697,영상 - 전사3,5,0
1698,영상 - 전사3,6,0
1699,영상 - 전사3,7,0
1700,m_028 1head,1,0
1701,m_028 2chest,3,0
1702,m_028 3legs,5,0
1703,m_028 4hands,6,0
1704,m_028 5feet,7,0
1705,영상 - 마법사1,1,0
1706,영상 - 마법사1,3,0
1707,영상 - 마법사1,5,0
1708,영상 - 마법사1,6,0
1709,영상 - 마법사1,7,0
1710,컷신 - l_101 1heads,1,0
1711,컷신 - l_101 2chest,3,0
1712,컷신 - l_101 3legs,5,0
1713,컷신 - l_101 4hands,6,0
1714,컷신 - l_101 5feet,7,0
1715,m_025 1head,1,0
1716,m_025 2chest,3,0
1717,m_025 3leg,5,0
1718,m_025 4hands,6,0
1719,m_025 5feet,7,0
1720,m_026 1head,1,0
1721,m_026 2chest,3,0
1722,m_026 3legs,5,0
1723,m_026 4hands,6,0
1724,m_026 5feet,7,0
1725,컷신 - 여선장 가슴,3,0
1726,m_030 1head,1,0
1727,m_030 2chest,3,0
1728,m_030 3legs,5,0
1729,m_030 4hands,6,0
1730,m_030 5feet,7,0
1731,m_027 1head,1,0
1732,m_027 2chest,3,0
1733,m_027 3legs,5,0
1734,m_027 4hands,6,0
1735,m_027 5feet,7,0
1736,c_050 5feet,7,0
1737,m_020 1head,1,0
1738,m_020 2chest,3,0
1739,m_020 3legs,5,0
1740,m_020 5feet,7,0
1741,양동이,1,0
1742,c_노예임시,3,0
1744,l_102 4hands,6,0
1745,l_102 5feet,7,0
1746,해제,5,0
1747,c_046 3legs,5,0
1748,c_047 3legs,5,0
1749,c_048 3legs,5,0
1750,컷신 - 여선장_피묻은 6back,9,0
1751,cut - 인트로 선원1 1head,1,0
1752,cut - 인트로 선원1 2chest,3,0
1753,cut - 인트로 선원1 3legs,5,0
1754,cut - 인트로 선원1 4hands,6,0
1755,cut - 인트로 선원1 5feet,7,0
1756,cut - 인트로 선원2 1head,1,0
1757,cut - 인트로 선원2 2chest,3,0
1759,cut - 인트로 선원2 4hands,6,0
1760,cut - 인트로 선원2 5feet,7,0
1761,cut - 인트로 선원2 3legs,5,0
1769,c_036 1head ,1,0
1770,c_036 2chest ,3,0
1771,c_036 3legs ,5,0
1772,해제,6,0
1773,elf_f_login - l_001 5feet,7,0
1774,해제,1,0
1775,c_039 2chest ,3,0
1776,c_039 3legs ,5,0
1777,해제,6,0
1778,c_039 5feet ,7,0
1779,c_040 1head ,1,0
1780,c_040 2chest ,3,0
1781,c_040 3legs ,5,0
1782,c_040 4hands ,6,0
1783,c_040 5feet ,7,0
1784,해제,1,0
1785,c_041 2chest ,3,0
1786,c_041 3legs ,5,0
1787,c_041 4hands ,6,0
1788,c_041 5feet ,7,0
1789,해제,1,0
1790,c_042 2chest ,3,0
1791,c_042 3legs ,5,0
1792,c_042 4hands ,6,0
1793,c_042 5feet ,7,0
1794,해제,1,0
1795,c_044 2chest ,3,0
1796,c_044 3legs ,5,0
1797,c_044 4hands ,6,0
1798,c_044 5feet ,7,0
1799,c_045 1head,1,0
1800,c_215 2chest ,3,0
1801,c_045 3legs ,5,0
1802,c_045 4hands ,6,0
1803,c_045 5feet ,7,0
1804,사용하세요,1,0
1805,c_127 2chest ,3,0
1806,c_046 4hands ,6,0
1807,c_046 5feet ,7,0
1808,c_047 1head ,1,0
1809,c_128 2chest ,3,0
1810,c_047 4hands ,6,0
1811,c_047 5feet ,7,0
1812,c_048 1head ,1,0
1813,c_048 2chest ,3,0
1814,c_048 4hands ,6,0
1815,c_048 5feet,7,0
1816,c_102 1head ,1,0
1817,c_102 2chest nu_m only,3,0
1818,c_102 3legs ,5,0
1819,c_102 4hands ,6,0
1820,c_102 5feet ,7,0
1821,c_999 1head ,1,0
1822,c_999 2chest ,3,0
1823,c_999 3legs ,5,0
1824,c_999 4hands ,6,0
1825,c_999 5feet ,7,0
1826,l_031 1head ,1,0
1827,l_031 2chest ,3,0
1828,c_030 3legs ,5,0
1829,l_031 4hands ,6,0
1830,l_031 5feet ,7,0
1831,l_033 1head ,1,0
1832,l_033 2chest ,3,0
1833,해제,5,0
1834,l_033 4hands ,6,0
1835,l_033 5feet ,7,0
1836,l_034 1head ,1,0
1837,l_034 2chest ,3,0
1838,l_034 3legs ,5,0
1839,l_034 4hands ,6,0
1840,l_034 5feet ,7,0
1841,l_037 1head ,1,0
1842,l_037 2chest ,3,0
1843,l_037 3legs ,5,0
1844,l_037 4hands ,6,0
1845,l_037 5feet ,7,0
1846,l_038 1head ,1,0
1847,l_038 2chest ,3,0
1848,l_038 3legs ,5,0
1849,l_038 4hands ,6,0
1850,해제,7,0
1851,l_039 1head ,1,0
1852,l_039 2chest ,3,0
1853,l_039 3legs ,5,0
1854,l_039 4hands ,6,0
1855,l_039 5feet ,7,0
1856,l_040 1head,1,0
1857,l_040 2chest ,3,0
1858,l_040 3legs ,5,0
1859,l_040 4hands ,6,0
1860,l_040 5feet ,7,0
1861,l_041 1head,1,0
1862,l_041 2chest ,3,0
1863,l_041 3legs ,5,0
1864,l_041 4hands ,6,0
1865,l_041 5feet ,7,0
1866,l_042 1head,1,0
1867,l_042 2chest ,3,0
1868,l_042 3legs ,5,0
1869,l_042 4hands ,6,0
1870,l_042 5feet ,7,0
1871,l_043 1head,1,0
1872,l_043 2chest ,3,0
1873,l_043 3legs ,5,0
1874,l_043 4hands ,6,0
1875,l_043 5feet ,7,0
1876,l_044 1head,1,0
1877,l_044 2chest ,3,0
1878,l_044 3legs,5,0
1879,l_044 4hands ,6,0
1880,l_044 5feet ,7,0
1881,해제,1,0
1882,l_045 2chest ,3,0
1883,l_045 3legs ,5,0
1884,l_045 4hands ,6,0
1885,l_045 5feet ,7,0
1886,l_047 1head,1,0
1887,l_046 2chest ,3,0
1888,l_046 3legs ,5,0
1889,l_046 4hands ,6,0
1890,l_046 5feet ,7,0
1891,l_216 1head,1,0
1892,l_047 2chest ,3,0
1893,l_047 3legs ,5,0
1894,l_047 4hands ,6,0
1895,l_047 5feet ,7,0
1896,l_048 1head ,1,0
1897,l_048 2chest ,3,0
1898,l_048 3legs ,5,0
1899,l_048 4hands ,6,0
1900,l_048 5feet ,7,0
1901,l_100 1head ,1,0
1902,l_100 2chest ,3,0
1903,l_100 3legs ,5,0
1904,l_100 4hands ,6,0
1905,l_100 5feet ,7,0
1906,l_101 1head,1,0
1907,l_101 2chest ,3,0
1908,l_101 3legs ,5,0
1909,l_101 4hands ,6,0
1910,l_101 5feet ,7,0
1911,l_102 1head ,1,0
1912,l_102 2chest ,3,0
1913,l_102 3legs ,5,0
1914,l_999 1head ,1,0
1915,l_999 2chest ,3,0
1916,l_999 3legs ,5,0
1917,l_999 4hands 미사용,6,0
1918,l_999 5feet ,7,0
1919,m_031 1head ,1,0
1920,m_031 2chest ,3,0
1921,m_031 3legs ,5,0
1922,m_031 4hands ,6,0
1923,m_031 5feet ,7,0
1924,m_032 1head ,1,0
1925,m_032 2chest ,3,0
1926,m_032 3legs ,5,0
1927,m_032 4hands ,6,0
1928,m_032 5feet ,7,0
1929,m_033 1head ,1,0
1930,m_033 2chest ,3,0
1931,m_033 3legs ,5,0
1932,m_033 4hands ,6,0
1933,m_033 5feet ,7,0
1934,m_034 1head ,1,0
1935,m_034 2chest ,3,0
1936,m_034 3legs ,5,0
1937,m_034 4hands ,6,0
1938,m_034 5feet ,7,0
1939,m_035 1head ,1,0
1940,m_035 2chest ,3,0
1941,m_035 3legs ,5,0
1942,m_035 4hands ,6,0
1943,m_035 5feet ,7,0
1944,m_036 1head ,1,0
1945,m_036 2chest ,3,0
1946,m_036 3legs ,5,0
1947,m_036 4hands ,6,0
1948,m_036 5feet ,7,0
1949,m_037 1head ,1,0
1950,m_037 2chest ,3,0
1951,m_037 3legs ,5,0
1952,m_037 4hands ,6,0
1953,m_037 5feet ,7,0
1954,l_102 4hands ,6,0
1956,l_120 1head,1,0
1957,l_002 1head,1,0
1958,c_100 2chest,3,0
1959,해제,3,0
1960,l_049 2chest ,3,0
1961,c_100 3legs,5,0
1962,c_101 3legs,5,0
1963,c_001 4hands,6,0
1964,c_002 4hands,6,0
1965,c_004 4hands,6,0
1966,c_005 4hands,6,0
1967,c_006 4hands,6,0
1968,c_007 4hands,6,0
1969,c_008 4hands,6,0
1970,c_009 4hands,6,0
1971,c_010 4hands,6,0
1972,c_011 4hands,6,0
1973,c_012 4hands,6,0
1974,c_100 4hands,6,0
1975,c_101 4hands,6,0
1976,l_001 4hands,6,0
1977,l_002 4hands,6,0
1978,l_003 4hands,6,0
1979,l_004 4hands,6,0
1980,l_005 4hands,6,0
1981,l_006 4hands,6,0
1982,l_201_1 3legs,5,0
1983,l_201 3legs,5,0
1984,l_202 3legs,5,0
1985,nu_royal001 2chest,3,0
1986,nu_royal001 1head,1,0
1987,nu_royal001 4hands,6,0
1988,n_001 3legs (no),5,0
1989,nu_royal001 5feet,7,0
1990,c_201 2chest,3,0
1991,c_201 3legs,5,0
1992,c_135 2chest,3,0
1993,c_135 3legs,5,0
1994,c_135_1 3legs,5,0
1995,c_032_2 3legs,5,0
1996,l_030_1 2chest,3,0
1997,m_040 1head,1,0
1998,m_200 2chest,3,0
1999,m_201 2chest,3,0
2000,m_200 3legs,5,0
2001,m_201 3legs,5,0
2002,m_201 4hand,6,0
2003,c_202 2chest,3,0
2004,c_202 5feet,7,0
2005,c_202 4hand,6,0
2006,c_202 1head,1,0
2007,c_202 3legs,5,0
2008,c_203 3legs,5,0
2009,l_200 2chest,3,0
2010,l_200 5feet,7,0
2011,l_200 4hand,6,0
2012,l_200 1head,1,0
2014,c_208 2chest,3,0
2015,c_208 1head,1,0
2016,c_209 3legs,5,0
2017,c_203 4hand,6,0
2018,c_203 5feet,7,0
2019,l_201 2chest,3,0
2020,m_205 1head,1,0
2021,m_205 2chest,3,0
2023,m_205 3legs,5,0
2024,m_205 4hands,6,0
2025,m_205 5feet,7,0
2026,cp_cloth007,9,0
2027,cp_cloth008,9,0
2028,cp_cloth009,9,0
2029,cp_cloth010,9,0
2030,cp_cloth011,9,0
2031,cp_cloth012,9,0
2032,cp_cloth013,9,0
2033,l_202 2chest,3,0
2034,m_206 1 head,1,0
2035,c_210 3legs,5,0
2036,c_211 3legs,5,0
2037,l_201 1head,1,0
2038,l_202 1head,1,0
2039,l_201 4hands,6,0
2041,l_202 4hands,6,0
2042,c_204 4hands,6,0
2043,l_201 5feet,7,0
2044,l_150 1head,1,0
2045,l_150 2chest,3,0
2046,l_150 3legs,5,0
2047,m_149 4hands,6,0
2048,m_149 5feet,7,0
2049,c_499 1head,1,0
2050,c_499 2chest,3,0
2051,l_054 3legs,5,0
2052,해제,6,0
2053,해제,7,0
2054,해제,1,0
2056,해제,1,0
2057,해제,3,0
2058,l_055 3legs,5,0
2059,해제,6,0
2060,해제,3,0
2061,해제,7,0
2062,c_054 3legs,5,0
2063,해제,1,0
2064,해제,6,0
2065,해제,3,0
2066,해제,7,0
2067,c_055 3legs,5,0
2068,해제,6,0
2069,m_043 5feet,7,0
2070,m_043 1head,1,0
2071,m_043 2chest,3,0
2072,m_043 3legs,5,0
2073,m_043 4hands,6,0
2074,m_044 1head,1,0
2075,m_044 2chest,3,0
2076,m_044 3legs,5,0
2077,m_044 5feet,7,0
2078,m_044 4hands,6,0
2079,l_149 5feet,7,0
2080,c_150 1head,1,0
2081,c_150 2chest,3,0
2082,c_150 3legs,5,0
2083,c_150 4hands,6,0
2084,c_150 5feet,7,0
2085,바다의 왕실 모자,1,0
2091,바다의 왕실 상의,3,0
2092,바다의 왕실 하의,5,0
2093,바다의 왕실 장갑,6,0
2094,바다의 왕실 신발,7,0
2095,c_149 1head,1,0
2096,c_149 2chest,3,0
2097,c_149 3legs,5,0
2098,c_149 4hands,6,0
2099,c_149 5feet,7,0
2100,l_149 1head,1,0
2101,l_149 2chest,3,0
2102,l_149 3legs,5,0
2103,l_149 4hands,6,0
2104,l_499 1head,1,0
2105,l_499 2chest,3,0
2106,l_499 3legs,5,0
2107,l_499 4hands,6,0
2108,l_499 5feet,7,0
2109,해제,7,0
2110,해제,1,0
2111,해제,3,0
2112,해제,1,0
2113,해제,3,0
2114,해제,5,0
2115,해제,5,0
2116,해제,6,0
2117,해제,7,0
2118,해제,6,0
2119,해제,7,0
2120,해제,1,0
2121,해제,1,0
2122,해제,3,0
2123,해제,5,0
2124,해제,6,0
2125,해제,7,0
2126,해제,3,0
2127,해제,5,0
2128,해제,6,0
2129,해제,7,0
2130,해제,1,0
2131,해제,3,0
2132,해제,5,0
2133,해제,6,0
2134,해제,7,0
2135,해제,1,0
2136,해제,3,0
2137,해제,5,0
2138,해제,6,0
2139,해제,7,0
2140,해제,1,0
2141,해제,3,0
2142,해제,5,0
2143,해제,6,0
2144,해제,7,0
2145,해제,1,0
2146,해제,3,0
2147,해제,5,0
2148,해제,6,0
2149,해제,7,0
2150,해제,1,0
2151,해제,3,0
2152,해제,5,0
2153,해제,6,0
2154,해제,7,0
2155,m_206 5feet,7,0
2157,m_207 5feet,7,0
2158,m_208 5feet,7,0
2159,m_209 5feet,7,0
2160,m_210 5feet,7,0
2161,c_210 1head,1,0
2162,c_211 1head,1,0
2163,c_212 1head,1,0
2164,l_203 2chest,3,0
2165,l_204 2chest,3,0
2166,c_214 1head,1,0
2167,c_213 1head,1,0
2168,c_210 2chest,3,0
2169,c_209 2chest,3,0
2171,c_212 3legs,5,0
2172,c_213 3legs,5,0
2173,c_204 5feet,7,0
2174,c_211 2chest,3,0
2175,m_041 1head,1,0
2177,잠수용 헬멧,1,0
2178,l_052 2chest,3,0
2180,c_205 4hands,6,0
2181,c_205 5feet,7,0
2183,c_038 1head,1,0
2184,c_045 2chest,3,0
2185,c_212 2chest,3,0
2186,c_051 3legs,5,0
2187,c_214 3legs,5,0
2188,c_206 4hands,6,0
2189,c_207 4hands,6,0
2190,c_206 5feet,7,0
2191,c_207 5feet,7,0
2192,c_221 1head,1,0
2193,c_220 1head,1,0
2194,l_203 1head,1,0
2195,m_211 1head,1,0
2196,c_220 2chest,3,0
2197,c_224 2chest,3,0
2198,c_223,3,0
2199,c_222 2chest,3,0
2200,c_221 2chest,3,0
2201,c_225 2chest,3,0
2202,l_207 2chest,3,0
2203,l_208 2chest,3,0
2204,m_211 2chest,3,0
2206,c_220 3egs,5,0
2207,c_224 3legs,5,0
2208,c_223 3legs,5,0
2209,c_222 3legs,5,0
2210,c_221 3legs,5,0
2211,c_225 3legs,5,0
2212,l_206 3legs,5,0
2213,l_207 3legs,5,0
2214,m_211 3legs,5,0
2215,c_동부 긴장갑 줄무늬 브라운,6,0
2216,l_220 4hands,6,0
2217,c_224 4hands,6,0
2218,c_222 4hands,6,0
2219,c_225 4hands,6,0
2220,l_203 4hands,6,0
2221,m_211 5feet,7,0
2223,l_203 5feet,7,0
2224,l_204 5feet,7,0
2225,c_동부 장화 줄무늬 브라운,7,0
2226,l_220 5feet,7,0
2227,c_224 5feet,7,0
2228,c_223 5feet,7,0
2229,c_221 5feet,7,0
2230,c_225 5feet,7,0
2231,c_215 3legs,5,0
2232,c_215 1head,1,0
2233,l_204 1head,1,0
2234,m_206 2chest,3,0
2235,c_222 5feet,7,0
2238,c_223 4hands 사용안함 222와 동일,6,0
2239,l_209 2chest,3,0
2240,l_210 2chest,3,0
2241,l_204 4hands,6,0
2242,c_213 2chest,3,0
2244,c_214 2chest,3,0
2245,l_208 3legs,5,0
2246,l_209 3legs,5,0
2247,c_216 2chest,3,0
2248,c_216 3legs,5,0
2249,c_216 5feet,7,0
2250,l_211 2chest,3,0
2251,c_217 1head,1,0
2252,c_218 1head,1,0
2253,l_205 5feet,7,0
2254,l_206 5feet,7,0
2255,l_205 4hands,6,0
2256,l_206 4hands,6,0
2257,c_208 4hands,6,0
2258,c_208 5feet,7,0
2259,c_216 1head,1,0
2260,l_033 3legs,5,0
2261,l_205 2chest,3,0
2262,l_205 1head,1,0
2263,l_207 1head,1,0
2264,l_123 2chest,3,0
2265,l_212 2chest,3,0
2266,l_212 4hands,6,0
2268,l_212 3legs,5,0
2270,c_230 1head,1,0
2271,cp_cloth014,9,0
2272,c_230 2chest,3,0
2273,c_230 3legs,5,0
2274,cp_cloth015,9,0
2275,c_230 5feet,7,0
2276,c_231 1head,1,0
2277,c_232 1head,1,0
2278,c_233 1head,1,0
2279,c_232 2chest,3,0
2280,c_231 2chest,3,0
2281,c_233 2chest,3,0
2282,c_234 2chest,3,0
2283,c_235 2chest,3,0
2284,c_233 3legs,5,0
2285,c_234 3legs,5,0
2286,c_235 3legs,5,0
2287,c_209 1head,1,0
2288,m_212 5feet,7,0
2289,m_101 1head,1,0
2290,m_102 1head,1,0
2291,m_103 1head,1,0
2292,m_104 1head,1,0
2293,l_051 3legs,5,0
2295,l_052 3legs,5,0
2296,c_236 2chest,3,0
2297,c_236 3legs,5,0
2298,c_236 4hands,6,0
2299,c_236 5feet,7,0
2300,c_501 1head,1,0
2301,해제,3,0
2302,해제,6,0
2303,npc001_1_ha 5feet,7,0
2304,l_053 3legs,5,0
2305,m_212 1head,1,0
2306,m_212 2chest,3,0
2307,m_212 3legs,5,0
2308,m_212 4hands,6,0
2309,m_213 5feet,7,0
2310,c_227 2chest,3,0
2311,c_228 2chest,3,0
2312,c_229 2chest,3,0
2313,c_237 2chest,3,0
2314,c_238 2chest,3,0
2315,c_227 3legs,5,0
2316,c_227 1head,1,0
2317,c_228 1head,1,0
2318,c_239 2chest,3,0
2319,c_239 3legs,5,0
2320,c_240 2chest,3,0
2321,c_240 3legs,5,0
2322,c_241 2chest,3,0
2323,c_241 3legs,5,0
2324,c_234 1head,1,0
2325,c_235 1head,1,0
2326,c_237 1head,1,0
2327,c_246 2chest,3,0
2328,c_247 2chest,3,0
2329,c_248 2chest,3,0
2330,c_246 3legs,5,0
2331,c_247 3legs,5,0
2332,c_248 3legs,5,0
2333,c_227 4hands,6,0
2334,c_227 5feet,7,0
2335,c_228 5feet,7,0
2336,c_242 2chest,3,0
2337,c_243 2chest,3,0
2338,c_244 2chest,3,0
2339,c_245 2chest,3,0
2340,m_215 1head,1,0
2343,c_222 1head,1,0
2344,c_219 1head,1,0
2345,l_200 3legs,5,0
2346,빈칸,5,0
2347,l_056_1 3legs,5,0
2348,l_056 3legs,5,0
2349,l_057 3legs,5,0
2350,l_058 3legs,5,0
2351,l_059 3legs,5,0
2352,l_051 5feet,7,0
2353,아동 004 2chest,3,0
2354,아동 004 3legs,5,0
2355,아동 004 5feet,7,0
2356,아동 005 2chest,3,0
2357,아동 005 5feet,7,0
2358,c_249 2chest,3,0
2359,c_250 2chest,3,0
2360,c_251 2chest,3,0
2361,c_223 1head,1,0
2362,c_224 1head,1,0
2363,c_225 1head,1,0
2364,c_245 1head,1,0
2365,c_246 1head,1,0
2366,c_248 1head,1,0
2367,c_249 1head,1,0
2368,c_250 1head,1,0
2369,c_255 2chest,3,0
2370,m_213 2chest,3,0
2371,m_213 1head,1,0
2372,m_213 3legs,5,0
2373,l_205 3legs,5,0
2374,m_213 4hands,6,0
2375,m_214 5feet,7,0
2376,l_208 1head,1,0
2377,c_243 1head,1,0
2378,l_206 1head,1,0
2379,c_249 3legs,5,0
2380,l_213 4hands,6,0
2381,c_228 4hands,6,0
2382,l_202 5feet,7,0
2383,c_231 5feet,7,0
2384,l_213 2chest,3,0
2385,l_214 2chest,3,0
2386,c_217 2chest,3,0
2387,c_200 1head,1,0
2388,c_217 3legs,5,0
2389,c_201 4hands,6,0
2390,c_201 5feet,7,0
2391,l_215 5feet,7,0
2392,cp_cloth016,9,0
2393,c_201 1head,1,0
2394,c_256 2chest,3,0
2395,c_218 3legs,5,0
2396,c_212 4hands,6,0
2397,c_229 5feet,7,0
2398,c_229 1head,1,0
2399,c_257 2chest,3,0
2400,c_219 3legs,5,0
2401,c_213 4hands,6,0
2402,c_209 5feet,7,0
2403,c_201_1 3legs,5,0
2404,c_251 1head,1,0
2405,c_252 1head,1,0
2406,c_253 1head,1,0
2407,c_252 2chest,3,0
2408,c_253 2chest,3,0
2409,c_254 2chest,3,0
2410,l_215 2chest,3,0
2411,l_219 3legs,5,0
2412,l_222 4hands,6,0
2413,l_222 5feet,7,0
2414,l_216 2chest,3,0
2415,l_220 3legs,5,0
2416,l_223 4hands,6,0
2417,l_223 5feet,7,0
2418,l_224 5feet,7,0
2419,c_500a 2chest,3,0
2420,c_501a 2chest,3,0
2421,c_502 2chest,3,0
2422,l_500 2chest,3,0
2423,c_229 4hands,6,0
2424,c_230 4hands,6,0
2425,c_231 4hands,6,0
2426,c_257 1head,1,0
2427,c_258 1head,1,0
2428,l_211 1head,1,0
2429,l_210 1head,1,0
2430,l_209 1head,1,0
2431,c_254 1head,1,0
2432,c_255 1head,1,0
2433,c_256 1head,1,0
2434,c_244 1head,1,0
2435,c_238 1head,1,0
2436,m_200 1head,1,0
2437,c_262 2chest,3,0
2438,m_202 2chest,3,0
2439,m_202 3legs,5,0
2440,c_228 3legs,5,0
2441,c_214 4hands,6,0
2442,m_200 4hands,6,0
2443,c_217 5feet,7,0
2444,m_201 5feet,7,0
2445,c_236 1head,1,0
2446,m_216 1head,1,0
2447,c_259 1head,1,0
2448,c_260 1head,1,0
2449,c_261 1head,1,0
2450,c_262 1head,1,0
2451,c_263 1head,1,0
2452,c_264 1head,1,0
2453,m_214 3legs,5,0
2454,c_263 2chest,3,0
2455,c_264 2chest,3,0
2456,c_265 2chest,3,0
2457,c_266 2chest,3,0
2458,c_267 2chest,3,0
2459,c_239_1 2chest,3,0
2460,c_240_1 2chest,3,0
2461,c_241_1 2chest,3,0
2462,l_217 2chest,3,0
2463,l_218 2chest,3,0
2464,l_221 3legs,5,0
2465,l_224 4hands,6,0
2466,l_225 5feet,7,0
2467,m_201 1head,1,0
2468,m_203 2chest,3,0
2469,m_229 3legs,5,0
2470,m_202 4hands,6,0
2471,m_202 5feet,7,0
2472,m_214 2chest,3,0
2473,m_218 1head,1,0
2474,m_215 3legs,5,0
2475,m_218 4hands,6,0
2476,m_215 5feet,7,0
2477,c_265 1head,1,0
2478,m_217 1head,1,0
2479,m_215 4hands,6,0
2480,m_216 4hands,6,0
2481,m_217 4hands,6,0
2482,c_268 2chest,3,0
2483,c_269 2chest,3,0
2484,c_503 2chest,3,0
2485,c_500 5feet,7,0
2486,c_500 1head,1,0
2487,l_222 3legs,5,0
2488,l_213 1head,1,0
2489,l_219 2chest,3,0
2490,l_225 4hands,6,0
2491,l_226 5feet,7,0
2492,l_214 1head,1,0
2493,l_220 2chest,3,0
2494,l_223 3legs,5,0
2495,l_226 4hands,6,0
2496,l_227 5feet,7,0
2497,c_500b 2chest,3,0
2498,c_501b 2chest,3,0
2500,m_215 2chest,3,0
2501,m_216 3legs,5,0
2502,m_219 4hands,6,0
2503,m_216 5feet,7,0
2504,소환수장비 레어등급(투구),1,0
2505,소환수장비 레어등급(신발),7,0
2506,소환수장비 레어등급(안장),4,0
2507,나라야나 아동 001 2chest,3,0
2508,나라야나 아동 002 2chest,3,0
2509,나라야나 아동 001 3legs,5,0
2510,나라야나 아동 001 4hands,6,0
2511,나라야나 아동 001 5feet,7,0
2512,cp_cloth017,9,0
2513,cp_cloth018,9,0
2514,cp_cloth019,9,0
2515,cp_cloth020,9,0
2516,cp_cloth021,9,0
2517,cp_cloth022,9,0
2518,cp_cloth023,9,0
2519,cp_cloth024,9,0
2520,cp_cloth025,9,0
2521,cp_cloth026,9,0
2522,c_022_1 1head,1,0
2523,c_211 4hands,6,0
2524,npc 임시-귀족복식-brown,7,0
2525,npc 임시-귀족복식-red,7,0
2526,cp_cloth005_1,9,0
2527,나라야나 아동 003 2chest,3,0
2528,나라야나 아동 003 3legs,5,0
2529,나라야나 아동 003 4hands,6,0
2530,나라야나 아동 003 5feet,7,0
2531,m_217 5feet,7,0
2532,m_223 5feet,7,0
2533,m_224 5feet,7,0
2534,m_225 5feet,7,0
2535,m_220 4hands,6,0
2536,m_221 4hands,6,0
2537,m_222 4hands,6,0
2538,m_217 2chest,3,0
2539,m_216 2chest,3,0
2540,m_218 2chest,3,0
2541,m_219 2chest,3,0
2542,m_220 2chest,3,0
2543,m_221 2chest,3,0
2544,c_258 2chest,3,0
2545,m_039 1head,1,0
2546,m_039 2chest,3,0
2547,m_039 3legs,5,0
2548,m_039 4hands,6,0
2549,m_039 5feet,7,0
2550,c_271 2chest,3,0
2551,c_270 2chest,3,0
2552,해제,1,0
2553,해제,1,0
2554,m_219 1head,1,0
2555,m_222 2chest,3,0
2556,m_217 3legs,5,0
2557,m_226 5feet,7,0
2558,c_266 1head,1,0
2559,c_031 5feet,7,0
2560,c_032 5feet,7,0
2561,c_033 5feet,7,0
2562,c_034 5feet,7,0
2563,c_035 5feet,7,0
2564,c_036 5feet,7,0
2565,c_037 5feet,7,0
2566,c_038 5feet,7,0
2567,l_038 5feet,7,0
2568,c_031 4hands,6,0
2569,c_032 4hands,6,0
2570,c_033 4hands,6,0
2571,c_034 4hands,6,0
2572,c_035 4hands,6,0
2573,c_036 4hands,6,0
2574,l_036 4hands,6,0
2575,m_203 4hands,6,0
2576,c_273 2chest,3,0
2577,c_259 2chest,3,0
2578,c_272 2chest,3,0
2579,l_221 2chest,3,0
2580,m_040 2chest,3,0
2581,m_038 3legs,5,0
2582,m_042 1head,1,0
2583,c_272_1 2chest,3,0
2585,l_224 3legs,5,0
2586,c_030 5feet,7,0
2587,c_046 2chest,3,0
2588,c_232 4hands,6,0
2589,c_267 1head,1,0
2590,c_274 2chest,3,0
2591,c_250 3legs,5,0
2592,c_232 5feet,7,0
2593,m_224 1head,1,0
2594,m_224 2chest,3,0
2595,m_225 2chest,3,0
2596,m_224 3legs,5,0
2597,m_224 4hands,6,0
2598,m_203 5feet,7,0
2599,npc001_ha 2chest,3,0
2600,npc001_ha 3legs,5,0
2601,npc001_ha 4hands,6,0
2602, npc001_ha 5feet,7,0
2603,c_504 2chest,3,0
2604,c_047 2chest,3,0
2605,m_041 2chest,3,0
2606,m_040 3legs,5,0
2609,girl01 c_010 2chest,3,0
2611,girl01 c_010 5feet,7,0
2612,c_052 3legs,5,0
2613,c_053 3legs,5,0
2614,l_031 3legs,5,0
2615,m_042 2chest,3,0
2616,m_045 1head,1,0
2617,m_225 1head,1,0
2618,m_225 4hands,6,0
2619,c_039 1head,1,0
2620,c_041 1head,1,0
2621,c_042 1head,1,0
2622,c_505 2chest,3,0
2623,c_052 1head,1,0
2624,c_053 1head,1,0
2625,c_054 1head,1,0
2626,c_055 1head,1,0
2627,c_055 2chest,3,0
2628,c_056 2chest,3,0
2629,c_057 2chest,3,0
2630,c_058 2chest,3,0
2631,c_506 2chest,3,0
2632,elf_f_login - c_001 2chest,3,0
2633,elf_f_login - c_001 3legs,5,0
2634,아동 006 2chest,3,0
2635,아동 006 3legs,5,0
2636,아동 006 4hands,6,0
2637,아동 006 5feet,7,0
2638,l_216 5feet,7,0
2639,c_060 2chest,3,0
2640,ar_event001,3,0
2641,c_052 2chest,3,0
2642,c_053 2chest,3,0
2643,npc003_nu 1head,1,0
2644,npc003_nu 2chest,3,0
2645,npc003_nu 5feet,7,0
2646,npc003_nu 3legs,5,0
2647,c_242 3legs,5,0
2648,c_243 3legs,5,0
2649,c_244 3legs,5,0
2650,c_209 4hands,6,0
2651,c_210 4hands,6,0
2652,아동 007 2chest,3,0
2653,아동 007 5feet,7,0
2654,c_507 2chest,3,0
2658,m_214 1head,1,0
2659,npc004_nu 1head,1,0
2660,npc004_nu 2chest,3,0
2661,npc004_nu 3legs,5,0
2662,npc004_nu 5feet,7,0
2663,npc005_nu 1head,1,0
2664,npc005_nu 2chest,3,0
2665,npc005_nu 3legs,5,0
2666,npc005_nu 5feet,7,0
2667,npc006_nu 1head,1,0
2668,npc006_nu 2chest,3,0
2669,npc006_nu 3legs,5,0
2670,npc006_nu 5feet,7,0
2671,npc001_nu 2chest,3,0
2672,npc002_nu 2chest,3,0
2673,c_142 1head,1,0
2674,c_142 2chest,3,0
2675,c_142 3legs,5,0
2676,c_142 4hands,6,0
2677,c_142 5feet,7,0
2678,c_139 1head,1,0
2679,c_139 2chest,3,0
2680,c_139 3legs,5,0
2681,c_139 5feet,7,0
2682,c_140 1head,1,0
2683,c_140 2chest,3,0
2684,c_140 3legs,5,0
2685,c_140 5feet,7,0
2686,c_141 1head,1,0
2687,c_141 2chest,3,0
2688,c_141 3legs,5,0
2689,c_141 4hands,6,0
2690,c_141 5feet,7,0
2691,l_498 2chest,3,0
2692,c_043 1head,1,0
2693,l_039 1head,1,0
2694,l_050 2chest ,3,0
2695,c_138 1head,1,0
2696,c_138 2chest,3,0
2697,c_138 3legs,5,0
2698,c_138 5feet,7,0
2699,m_206 4hands,6,0
2700,l_051 2chest,3,0
2701,c_038 4hands,6,0
2702,c_039 4hands,6,0
2703,c_044 1head,1,0
2704,c_133 1head,1,0
2705,c_133 2chest,3,0
2706,c_133 3legs,5,0
2707,c_133 3legs,5,0
2708,c_214 5feet,7,0
2709,astra_001 1head,1,0
2710,astra_001 2chest,3,0
2711,astra_001 3legs,5,0
2712,astra_001 5feet,7,0
2713,c_049 1head,1,0
2714,c_049 2chest,3,0
2715,c_056 3legs,5,0
2716,c_057 3legs,5,0
2717,c_049 4hands,6,0
2718,c_049 5feet,7,0
2719,c_145 1head,1,0
2720,c_145 2chest,3,0
2721,c_151 1head,1,0
2722,c_151 2chest,3,0
2723,c_151 4hands,6,0
2724,c_151 5feet,7,0
2725,c_152 1head,1,0
2726,c_152 2chest,3,0
2727,c_152 4hands,6,0
2728,c_152 5feet,7,0
2729,c_153 1head,1,0
2730,c_153 2chest,3,0
2731,c_153 4hands,6,0
2732,c_153 5feet,7,0
2733,c_154 1head,1,0
2734,c_154 2chest,3,0
2735,c_154 4hands,6,0
2736,c_154 5feet,7,0
2737,c_155 5feet,7,0
2738,c_155 1head,1,0
2739,c_155 2chest,3,0
2740,c_155 4hadns,6,0
2741,l_151 1head,1,0
2742,l_151 2chest,3,0
2743,l_151 4hands,6,0
2744,l_151 3legs,5,0
2745,l_151 5feet,7,0
2746,l_152 1head,1,0
2747,l_152 2chest,3,0
2748,l_152 3legs,5,0
2749,l_152 4hands,6,0
2750,l_152 5feet,7,0
2751,l_153 1head,1,0
2752,l_153 2chest,3,0
2753,l_153 4hands,6,0
2754,l_153 5feet,7,0
2755,l_153 3legs,5,0
2756,l_154 1head,1,0
2757,l_154 2chest,3,0
2758,l_154 3legs,5,0
2759,l_154 4hands,6,0
2760,l_154 5feet,7,0
2761,l_155 1head,1,0
2762,l_155 2chest,3,0
2763,l_155 3legs,5,0
2764,l_155 4hands,6,0
2765,l_155 5feet,7,0
2766,c_146 1head,1,0
2767,c_146 2chest,3,0
2768,c_224_1 1head,1,0
2769,c_225_1 1head,1,0
2770,l_201_1 5feet,7,0
2771,ar_event001 31cosplay,31,0
2772,소환수장비 일반등급(갑옷),3,0
2773,소환수장비 레어등급(갑옷),3,0
2774,c_136 1head,1,0
2775,c_136 2chest,3,0
2776,c_136 3legs,5,0
2777,c_137 1head,1,0
2778,c_137 2chest,3,0
2779,c_137 3legs,5,0
2780,c_137 4hands,6,0
2781,c_137 5feet,7,0
2782,l_141 1head,1,0
2783,l_141 2chest,3,0
2784,l_141 3legs,5,0
2785,l_141 4hands,6,0
2786,l_141 5feet,7,0
2787,l_055_1 3legs,5,0
2788,m_151 1head,1,0
2789,m_152 1head,1,0
2790,m_153 1head,1,0
2791,c_151 3legs,5,0
2792,m_154 1head,1,0
2793,m_155 1head,1,0
2794,c_152 3legs,5,0
2795,c_153 3legs,5,0
2796,c_154 3legs,5,0
2797,c_155 3legs,5,0
2798,m_151 2chest,3,0
2799,m_151 3legs,5,0
2800,m_151 4hands,6,0
2801,m_151 5feet,7,0
2802,m_152 2chest,3,0
2803,m_152 3legs,5,0
2804,m_152 4hands,6,0
2805,m_152 5feet,7,0
2806,m_153 2chest,3,0
2807,m_153 3legs,5,0
2808,m_153 4hands,6,0
2809,m_153 5feet,7,0
2810,m_154 2chest,3,0
2811,m_154 3legs,5,0
2812,m_154 4hands,6,0
2813,m_154 5feet,7,0
2814,m_155 2chest,3,0
2815,m_155 3legs ,5,0
2816,m_155 4hands,6,0
2817,m_155 5feet,7,0
2818,l_142 1head,1,0
2819,l_142 2chest,3,0
2820,l_142 3legs,5,0
2821,l_142 4hands,6,0
2822,l_142 5feet,7,0
2823,l_143 1head,1,0
2824,l_143 2chest,3,0
2825,l_143 3legs,5,0
2826,l_143 4hands,6,0
2827,l_143 5feet,7,0
2828,l_144 1head,1,0
2829,l_145 1head,1,0
2830,l_146 1head,1,0
2831,l_144 2chest,3,0
2832,l_145 2chest,3,0
2833,l_146 2chest,3,0
2834,l_144 3legs,5,0
2835,l_145 3legs,5,0
2836,l_146 3legs,5,0
2837,l_144 4hands,6,0
2838,l_145 4hands,6,0
2839,l_146 4hands,6,0
2840,l_144 5feet,7,0
2841,l_145 5feet,7,0
2842,l_146 5feet,7,0
2843,l_139 1head,1,0
2844,l_140 1head,1,0
2845,l_140 2chest,3,0
2846,l_139 3legs,5,0
2847,l_140 3legs,5,0
2848,l_139 4hands,6,0
2849,l_140 4hands,6,0
2850,l_139 5feet,7,0
2851,l_140 5feet,7,0
2852,c_134 1head,1,0
2853,c_134 2chest,3,0
2854,c_134 3legs,5,0
2855,c_215 5feet,7,0
2856,c_135 1head,1,0
2857,c_131 1head,1,0
2858,c_131 2chest,3,0
2859,c_131 3legs,5,0
2860,c_212 5feet,7,0
2861,c_143 1head,1,0
2862,c_143 2chest,3,0
2863,c_143 3legs,5,0
2864,c_143 4hands,6,0
2865,c_143 5feet,7,0
2866,c_144 1head,1,0
2867,c_144 2chest,3,0
2868,c_144 3legs,5,0
2869,c_144 4hands,6,0
2870,c_144 5feet,7,0
2871,c_147 1head,1,0
2872,c_147 2chest,3,0
2873,c_147 3legs,5,0
2874,c_147 4hands,6,0
2875,c_147 5feet,7,0
2876,c_148 1head,1,0
2877,c_148 2chest,3,0
2878,c_148 3legs,5,0
2879,c_148 4hands,6,0
2880,c_148 5feet,7,0
2881,l_148 1head,1,0
2882,l_148 2chest,3,0
2883,l_148 3legs,5,0
2884,m_148 4hands,6,0
2885,m_148 5feet,7,0
2886,c_056 1head,1,0
2887,c_510 2chest,3,0
2888,c_510 3legs,5,0
2889,c_510 5feet,7,0
2890,c_046 1head,1,0
2891,c_132 1head,1,0
2892,c_132 2chest,3,0
2893,c_132 3legs,5,0
2894,c_213 5feet,7,0
2895,c_218 2chest,3,0
2896,c_058 3legs,5,0
2897,c_219 5feet,7,0
2898,c_219 2chest,3,0
2899,c_059 3legs,5,0
2900,c_220 5feet,7,0
2901,m_142 1head,1,0
2902,m_143 1head,1,0
2903,m_144 1head,1,0
2904,m_145 1head,1,0
2905,m_146 1head,1,0
2906,m_142 2chest,3,0
2907,m_143 2chest,3,0
2908,m_144 2chest,3,0
2909,m_145 2chest,3,0
2910,m_146 2chest,3,0
2911,m_142 3legs,5,0
2912,m_143 3legs,5,0
2913,m_144 3legs,5,0
2914,m_145 3lges,5,0
2915,m_146 3legs,5,0
2916,m_142 4hands,6,0
2917,m_143 4hands,6,0
2918,m_144 4hands,6,0
2919,m_145 4hands,6,0
2920,m_146 4hands,6,0
2921,m_142 5feet,7,0
2922,m_143 5feet,7,0
2923,m_144 5feet,7,0
2924,m_145 5feet,7,0
2925,m_146 5feet,7,0
2926,c_123 2chest,3,0
2927,c_497 2chest,3,0
2928,c_497 1head,1,0
2929,c_497 4hands,6,0
2930,c_497 5feet,7,0
2931,c_060 1head,1,0
2932,아동 011 2chest,3,0
2933,l_500 4hands,6,0
2934,l_500 5feet,7,0
2935,c_498 1head,1,0
2936,c_498 2chest,3,0
2937,c_498 4hands,6,0
2938,c_498 5feet,7,0
2939,c_498 3legs,5,0
2940,c_122 2chest,3,0
2941,l_161 1head,1,0
2946,l_161 2chest,3,0
2947,l_161 3legs,5,0
2948,l_161 4hands,6,0
2949,l_161 5feet,7,0
2950,c_161 2chest,3,0
2951,c_161 3legs,5,0
2952,c_161 4hands,6,0
2953,c_161 5feet,7,0
2954,c_495 1head,1,0
2955,c_495 2chest,3,0
2956,c_495 3legs,5,0
2957,c_495 5feet,7,0
2958,c_161 1head,1,0
2959,c_162 1head,1,0
2960,c_162 2chest,3,0
2961,c_162 3legs,5,0
2962,c_162 4hands,6,0
2963,c_162 5feet,7,0
2964,c_101 2chest,3,0
2965,m_161 1head,1,0
2966,m_161 2chest,3,0
2967,m_161 3legs,5,0
2968,m_161 4hands,6,0
2969,m_161 5feet,7,0
2970,l_162 1head,1,0
2971,l_162 2chest,3,0
2972,l_162 3legs,5,0
2973,l_162 4hands,6,0
2974,l_162 5feet,7,0
2975,l_215 1head,1,0
2976,l_045 1head,1,0
2977,m_046 1head,1,0
2978,c_061 1head,1,0
2979,c_062 1head,1,0
2980,c_063 1head,1,0
2981,c_494 1head,1,0
2982,c_494 2chest,3,0
2983,l_213 5feet,7,0
2984,l_214 5feet,7,0
2985,l_494 1head,1,0
2986,l_494 2chest,3,0
2987,l_494 3legs,5,0
2988,l_494 4hands,6,0
2989,l_494 5feet,7,0
2990,l_495 1head,1,0
2991,l_495 2chest,3,0
2992,l_495 3legs,5,0
2993,l_495 4hands,6,0
2994,l_495 5feet,7,0
2995,c_057 1head,1,0
2996,c_058 1head,1,0
2997,c_059 1head,1,0
2998,c_163 2chest,3,0
2999,c_164 2chest,3,0
3000,c_163 3legs,5,0
3001,c_156 1head,1,0
3002,c_156 2chest,3,0
3003,c_156 3legs,5,0
3004,c_156 4hands,6,0
3005,c_156 5feet,7,0
3006,c_157 1head,1,0
3007,c_157 2chest,3,0
3008,c_157 3legs,5,0
3009,c_157 4hands,6,0
3010,c_157 5feet,7,0
3011,c_158 1head,1,0
3012,c_158 2chest,3,0
3013,c_158 3legs,5,0
3014,c_158 4hands,6,0
3015,c_158 5feet,7,0
3016,m_159 1head,1,0
3017,m_159 3legs,5,0
3018,m_159 4hands,6,0
3019,m_159 2chest,3,0
3020,m_159 5feet,7,0
3021,l_163 1head,1,0
3022,l_163 2chest,3,0
3023,l_163 3legs,5,0
3024,l_163 4hands,6,0
3025,l_163 5feet,7,0
3026,m_162 1head,1,0
3027,m_162 2chest,3,0
3028,m_162 3legs,5,0
3029,m_162 4hands,6,0
3030,m_162 5feet,7,0
3031,m_163 1head,1,0
3032,m_163 2chest,3,0
3033,m_163 3legs,5,0
3034,m_163 4hands,6,0
3035,m_163 5feet,7,0
3036,l_164 2chest,3,0
3037,l_164 3legs,5,0
3038,l_156 1head,1,0
3039,l_157 1head,1,0
3040,l_158 1head,1,0
3041,l_159 1head,1,0
3042,l_160 1head,1,0
3043,l_156 2chest,3,0
3044,l_157 2chest,3,0
3045,l_158 2chest,3,0
3046,l_159 2chest,3,0
3047,l_160 2chest,3,0
3048,l_156 3legs,5,0
3049,l_157 3legs,5,0
3050,l_158 3legs,5,0
3051,l_159 3legs,5,0
3052,l_160 3legs,5,0
3053,l_156 4hands,6,0
3054,l_157 4hands,6,0
3055,l_158 4hands,6,0
3056,l_159 4hands,6,0
3057,l_160 4hands,6,0
3058,l_156 5feet,7,0
3059,l_157 5feet,7,0
3060,l_158 5feet,7,0
3061,l_159 5feet,7,0
3062,l_160 5feet,7,0
3063,c_159 1head,1,0
3064,c_159 2chest,3,0
3065,c_159 3legs,5,0
3066,c_159 4hands,6,0
3067,c_159 5feet,7,0
3068,c_160 1head,1,0
3069,c_160 2chest,3,0
3070,c_160 3legs,5,0
3071,c_160 4hands,6,0
3072,c_160 5feet,7,0
3073,m_156 1head,1,0
3074,m_156 2chest,3,0
3075,m_156 3legs,5,0
3076,m_156 4hands,6,0
3077,m_156 5feet,7,0
3078,m_157 1head,1,0
3079,m_157 2chest,3,0
3080,m_157 3legs,5,0
3081,m_157 4hands,6,0
3082,m_157 5feet,7,0
3083,m_158 1head,1,0
3084,m_158 2chest,3,0
3085,m_158 3legs,5,0
3086,m_158 4hands,6,0
3087,m_158 5feet,7,0
3088,m_160 1head,1,0
3089,m_160 2chest,3,0
3090,m_160 3legs,5,0
3091,m_160 4hands,6,0
3092,m_160 5feet,7,0
3093,c_165 2chest,3,0
3094,c_163 1head,1,0
3095,m_105 1head,1,0
3096,c_103 2chest,3,0
3097,c_103 3legs,5,0
3098,c_103 4hands,6,0
3099,c_103 5feet,7,0
3100,m_106 1head,1,0
3101,c_104 2chest,3,0
3102,c_105 2chest,3,0
3103,c_104 3legs,5,0
3104,c_104 4hands,6,0
3105,c_104 5feet,7,0
3106,소환수 3번 외형(투구),1,0
3107,소환수 3번 외형(신발),7,0
3108,소환수 3번 외형(갑옷),3,0
3110,event_korean001,31,0
3111,event_korean002,31,0
3112,event_korean003,31,0
3113,cp_cloth027,9,0
3114,c_110 1head,1,0
3115,c_110 2chest,3,0
3116,c_110 3legs,5,0
3117,c_110 4hands,6,0
3118,c_110 5feet,7,0
3119,영주 소환수(투구),1,0
3120,영주 소환수(신발),7,0
3121,해제,3,0
3122,c_060 3legs,5,0
3123,영주 소환수(안장),4,0
3124,c_103 1head,1,0
3125,l_046 1head,1,0
3126,m_047 1head,1,0
3127,m_048 1head,1,0
3128,m_202 1head,1,0
3129,m_203 1head,1,0
3130,m_204 1head,1,0
3131,m_207 1head,1,0
3132,m_107 1head,1,0
3133,c_106 2chest,3,0
3134,c_107 2chest,3,0
3135,c_105 3legs,5,0
3136,c_105 4hands,6,0
3137,c_105 5feet,7,0
3138,c_104 1head,1,0
3139,m_108 1head,1,0
3140,c_108 2chest,3,0
3141,c_109 2chest,3,0
3142,c_106 3legs,5,0
3143,c_106 4hands,6,0
3144,c_106 5feet,7,0
3145,c_210 5feet,7,0
3146,c_211 5feet,7,0
3147,c_064 1head,1,0
3148,c_061 3legs,5,0
3149,c_062 3legs,5,0
3150,c_063 2chest,3,0
3151,c_064 2chest,3,0
3152,m_500 1head,1,0
3153,m_500 2chest,3,0
3154,m_500 3legs,5,0
3155,m_500 4hands,6,0
3156,m_500 5feet,7,0
3157,m_501 1head,1,0
3158,m_501 2chest,3,0
3159,m_501 3legs,5,0
3160,m_501 4hands,6,0
3161,m_501 5feet,7,0
3162,c_065 1head,1,0
3163,c_066 1head,1,0
3164,c_065 2chest,3,0
3165,c_066 2chest,3,0
3166,c_218 5feet,7,0
3167,c_233 5feet,7,0
3168,c_063 3legs,5,0
3169,cp_cloth028,9,0
3170,cp_cloth029,9,0
3171,m_164 1head,1,0
3172,m_164 2chest,3,0
3173,m_164 3legs,5,0
3174,m_164 4hands,6,0
3175,m_164 5feet,7,0
3176,lord001,31,0
3177,lord002,31,0
3178,l_493 1head,1,0
3179,l_493 2chest,3,0
3180,l_493 3legs,5,0
3181,l_493 4hands,6,0
3182,l_493 5feet,7,0
3183,lord001_v101,31,0
3184,lord001_v102,31,0
3185,lord002_v101,31,0
3186,lord002_v102,31,0
3187,c_131_1 2chest,3,0
3188,컷씬_소환수용 hm,1,0
3189,컷씬_소환수용 saddle,4,0
3190,컷씬_소환수용 bo,7,0
3191,소환수 방어구 02 (투구),1,0
3192,소환수 방어구 02 (안장),4,0
3193,소환수 방어구 02 (갑옷),3,0
3194,소환수 방어구 02 (신발),7,0
3195,소환수 방어구 04 (투구),1,0
3196,소환수 방어구 04 (안장),4,0
3197,소환수 방어구 04 (신발),7,0
3198,m_165 1head,1,0
3199,m_165 2chest,3,0
3200,c_504 1head,1,0
3201,m_165 3legs,5,0
3202,m_165 4hands,6,0
3203,m_165 5feet,7,0
3204,c_505 1head,1,0
3205,c_502 1head,1,0
3206,c_503 1head,1,0
3207,l_147 1head,1,0
3208,l_147 2chest,3,0
3209,l_147 3legs,5,0
3210,l_147 4hands,6,0
3211,l_147 5feet,7,0
3212,c_166 1head,1,0
3213,c_166 2chest,3,0
3214,c_166 3legs,5,0
3215,c_166 4hands,6,0
3216,c_166 5feet,7,0
3217,l_165 1head,1,0
3218,l_165 2chest,3,0
3219,l_165 3legs,5,0
3220,l_165 4hands,6,0
3221,l_165 5feet,7,0
3222,l_166 1head,1,0
3223,l_166 2chest,3,0
3224,l_166 3legs,5,0
3225,c_496 4hands,6,0
3226,c_496 5feet,7,0
3227,c_493 1head,1,0
3228,c_493 2chest,3,0
3229,c_492 2chest,3,0
3230,cp_cloth030,9,0
3231,cp_cloth031,9,0
3232,c_492 1head,1,0
3233,lord003,31,0
3234,sk_uniform001,31,0
3235,sk_uniform002,31,0
3236,c_506 1head,1,0
3237,c_507 1head,1,0
3238,c_239_2 2chest,3,0
3239,sk_mokujin001,31,0
3240,l_053_1 3legs,5,0
3241,c_508 1head,1,0
3242,c_509 1head,1,0
3243,c_510 1head,1,0
3244,c_511 1head,1,0
3245,c_512 1head,1,0
3246,c_068 1head,1,0
3247,c_067 1head,1,0
3248,c_067 2chest,3,0
3249,c_068 2chest,3,0
3250,c_069 2chest,3,0
3251,c_064 3legs,5,0
3252,c_065 3legs,5,0
3253,c_234 5feet,7,0
3254,c_237 5feet,7,0
3255,m_049 1head,1,0
3256,m_050 1head,1,0
3257,m_040 5feet,7,0
3258,m_041 5feet,7,0
3259,흰색 무한한 상상의 윗옷,3,0
3260,l_167 1head,1,0
3261,l_167 2chest,3,0
3262,l_167 3legs,5,0
3263,l_167 4hands,6,0
3264,l_167 5feet,7,0
3265,c_165 1head,1,0
3266,l_164 1head,1,0
3267,l_168 1head,1,0
3272,소환수장비 나차쉬가르(투구),1,0
3273,소환수장비 나차쉬가르(갑옷),3,0
3274,소환수장비 나차쉬가르(안장),4,0
3275,소환수장비 나차쉬가르(신발),7,0
3276,c_069 1head,1,0
3277,c_491 2chest,3,0
3278,c_497 3legs,5,0
3279,빨강색 무한한 상상의 윗옷,3,0
3280,노랑색 무한한 상상의 윗옷,3,0
3281,파랑색 무한한 상상의 윗옷,3,0
3282,분홍색 무한한 상상의 윗옷,3,0
3283,보라색 무한한 상상의 윗옷,3,0
3284,초록색 무한한 상상의 윗옷,3,0
3285,검은색 무한한 상상의 윗옷,3,0
3286,흰색 무한한 상상의 윗옷 긴팔,3,0
3287,빨강색 무한한 상상의 윗옷 긴팔,3,0
3288,노랑색 무한한 상상의 윗옷 긴팔,3,0
3289,파랑색 무한한 상상의 윗옷 긴팔,3,0
3290,분홍색 무한한 상상의 윗옷 긴팔,3,0
3291,보라색 무한한 상상의 윗옷 긴팔,3,0
3292,초록색 무한한 상상의 윗옷 긴팔,3,0
3293,검은색 무한한 상상의 윗옷 긴팔,3,0
3294,c_501 3legs,5,0
3295,c_502 3legs,5,0
3296,c_503 3legs,5,0
3297,c_504 3legs,5,0
3298,c_505 3legs,5,0
3299,c_506 3legs,5,0
3300,sk_maid_butler001,31,0
3301,cp_cloth032,9,0
3302,cp_cloth033,9,0
3303,cp_cloth034,9,0
3304,cp_cloth035,9,0
3305,사용가능,3,0
3306,사용가능,5,0
3307,c_513 1head,1,0
3308,c_514 1head,1,0
3309,c_515 1head,1,0
3310,c_516 1head,1,0
3311,c_517 1head,1,0
3312,c_518 1head,1,0
3313,l_217 1head,1,0
3314,m_208 1head,1,0
3315,c_526 2chest,3,0
3316,sk_dragon001,31,0
3317,c_527 2chest,3,0
3318,c_528 2chest,3,0
3319,c_529 2chest,3,0
3320,c_530 2chest,3,0
3321,c_531 2chest,3,0
3322,c_532 2chest,3,0
3323,c_533 2chest,3,0
3324,c_534 2chest,3,0
3325,c_535 2chest,3,0
3326,c_536 2chest,3,0
3327,c_537 2chest,3,0
3328,c_538 2chest,3,0
3329,c_539 2chest,3,0
3330,c_540 2chest,3,0
3331,c_541 2chest,3,0
3332,c_526 3legs,5,0
3333,c_527 3legs,5,0
3334,c_528 3legs,5,0
3335,c_529 3legs,5,0
3336,c_530 3legs,5,0
3337,c_531 3legs,5,0
3338,c_532 3legs,5,0
3339,c_533 3legs,5,0
3340,c_534 3legs,5,0
3341,c_535 3legs,5,0
3342,c_536 3legs,5,0
3343,c_537 3legs,5,0
3344,c_538 3legs,5,0
3345,c_539 3legs,5,0
3346,c_540 3legs,5,0
3347,c_541 3legs,5,0
3348,sk_swimsuit003,31,0
3349,sk_swimsuit004,31,0
3350,cp_cloth036,9,0
3351,cp_cloth037,9,0
3352,sk_marine001,31,0
3353,c_519 1head,1,0
3354,c_501 4hands,6,0
3355,c_502 4hands,6,0
3356,c_503 4hands,6,0
3357,c_504 4hands,6,0
3358,c_502 5feet,7,0
3359,c_503 5feet,7,0
3360,l_218 1head,1,0
3361,l_219 1head,1,0
3362,l_220 1head,1,0
3363,sk_swimsuit008,31,0
3364,sk_swimsuit009,31,0
3365,sk_swimsuit010,31,0
3366,c_528_m 2chest,3,0
3367,c_530_m 2chest,3,0
3368,c_504 5feet,7,0
3369,c_505 5feet,7,0
3370,c_506 5feet,7,0
3371,c_507 5feet,7,0
3372,c_508 5feet,7,0
3373,c_509 5feet,7,0
3374,c_511 5feet,7,0
3375,sk_noble001,31,0
3376,c_526_m 2chest,3,0
3377,c_527_m 2chest,3,0
3378,c_529_m 2chest,3,0
3379,c_531_m 2chest,3,0
3380,c_532_m 2chest,3,0
3381,sk_lord005,31,0
3382,sk_lord005_v101,31,0
3383,c_522 1head,1,0
3384,c_523 1head,1,0
3385,c_524 1head,1,0
3386,c_525 1head,1,0
3387,c_526 1head,1,0
3388,c_527 1head,1,0
3389,수중 소환수 장비(탐지기),1,0
3390,수중 소환수 장비(산소통),4,0
3391,수중 소환수 장비(제트엔진),7,0
3392,sk_lord005_v102,31,0
3393,sk_lord004,31,0
3394,sk_lord006,31,0
3395,sk_marine002,31,0
3396,sk_marine003,31,0
3397,수중 소환수 장비(전방대포),1,0
3398,수중 소환수 장비(어뢰발사),4,0
3399,sk_beggar001,31,0
3400,sk_beggar002,31,0
3401,수중 소환수 장비(꼬리),7,0
3402,cp_leather001,9,0
3403,l_169 1head,1,0
3404,l_169 2chest,3,0
3405,l_169 3legs,5,0
3406,l_169 4hands,6,0
3407,l_169 5feet,7,0
3408,c_164 1head,1,0
3409,sk_marinecasual001,31,0
3410,sk_marinecasual002,31,0
3411,sk_marinecasual003,31,0
3412,c_167 1head,1,0
3413,c_167 2chest,3,0
3414,c_167 3legs,5,0
3415,c_167 4hands,6,0
3416,c_167 5feet,7,0
3417,sk_lord007,31,0
3418,sk_lord008,31,0
3419,sk_dragon002,31,0
3420,sk_dragon003,31,0
3421,sk_lord005_v103,31,0
3422,sk_lord007_v101,31,0
3423,c_520 1head,1,0
3424,c_521 1head,1,0
3425,sk_noble002,31,0
3426,sk_noble003,31,0
3427,행복한 닭 모자,1,0
3428,c_164 3legs,5,0
3429,c_164 4hands,6,0
3430,l_170 1head,1,0
3431,l_170 2chest,3,0
3432,l_170 3legs,5,0
3433,l_170 4hands,6,0
3434,l_170 5feet,7,0
3435,m_167 1head,1,0
3436,m_167 2chest,3,0
3437,m_167 3legs,5,0
3438,m_167 4hands,6,0
3439,m_167 5feet,7,0
3440,sk_swimsuit011,31,0
3441,m_166 1head,1,0
3442,m_166 2chest,3,0
3443,m_166 3legs,5,0
3444,m_166 4hands,6,0
3445,m_166 5feet,7,0
3446,네모난 천의 얼굴,1,0
3447,동그란 천의 얼굴,1,0
3448,리본달린 천의 얼굴,1,0
3449,sk_enginer001,31,0
3450,sk_maid_butler002,31,0
3451,sk_maid_butler003,31,0
3452,sk_maid_butler004,31,0
3453,sk_enginer002,31,0
3454,임시 테스트용,31,0
3455,c_539 1head,1,0
3456,sk_musa001,31,0
3457,sk_musa002,31,0
3458,sk_musa003,31,0
3459,l_502 1head,1,0
3460,l_503 1head,1,0
3461,l_504 1head,1,0
3462,l_505 1head,1,0
3463,l_506 1head,1,0
3464,l_501 2chest,3,0
3465,l_502 2chest,3,0
3466,l_503 2chest,3,0
3467,l_501 3legs,5,0
3468,l_502 3legs,5,0
3469,l_503 3legs,5,0
3470,l_501 4hands,6,0
3471,l_502 4hands,6,0
3472,l_503 4hands,6,0
3473,l_501 5feet,7,0
3474,l_502 5feet,7,0
3475,l_503 5feet,7,0
3476,l_508 1head,1,0
3477,l_504 2chest,3,0
3478,고양이 귀,1,0
3479,l_504 3legs,5,0
3480,l_504 4hands,6,0
3481,l_504 5feet,7,0
3482,유니콘 뿔,1,0
3483,c_535 1head,1,0
3484,c_536 1head,1,0
3485,c_537 1head,1,0
3486,소환수장비 아키라이프 (투구),1,0
3487,소환수장비 아키라이프 (안장),4,0
3488,소환수장비 아키라이프 (신발),7,0
3489,소환수장비 아키라이프 (갑옷) - 보류,3,0
3490,토끼 레이스 장식,1,0
3491,장식용 뿔,1,0
3492,갈색 말머리 장식,1,0
3493,흰색 말머리 장식,1,0
3494,천사 날개 머리띠,1,0
3495,악마 날개 머리띠,1,0
3496,l_171 1head,1,0
3497,l_172 1head,1,0
3498,l_173 1head,1,0
3499,l_174 1head,1,0
3500,l_175 1head,1,0
3501,m_171 1head,1,0
3502,m_171 2chest,3,0
3503,m_171 3legs,5,0
3504,m_171 4hands,6,0
3505,m_171 5feet,7,0
3506,l_176 1head,1,0
3507,l_177 1head,1,0
3508,l_171 2chest,3,0
3509,l_172 2chest,3,0
3510,l_173 2chest,3,0
3511,l_174 2chest,3,0
3512,l_175 2chest,3,0
3513,l_176 2chest,3,0
3514,l_177 2chest,3,0
3515,l_171 3legs,5,0
3516,l_172 3legs,5,0
3517,l_173 3legs,5,0
3518,l_174 3legs,5,0
3519,l_175 3legs,5,0
3520,l_176 3legs,5,0
3521,l_177 3legs,5,0
3522,l_171 4hands,6,0
3523,l_172 4hands,6,0
3524,l_173 4hands,6,0
3525,l_174 4hands,6,0
3526,l_175 4hands,6,0
3527,l_176 4hands,6,0
3528,l_177 4hands,6,0
3529,l_171 5feet,7,0
3530,l_172 5feet,7,0
3531,l_173 5feet,7,0
3532,l_174 5feet,7,0
3533,l_175 5feet,7,0
3534,l_176 5feet,7,0
3535,l_177 5feet,7,0
