id,duration,tick,target_relation_id,buff_id,projectile_id,show_to_friendly_only,fx_group_id,next_phase,aoe_shape_id,target_buff_tag_id,target_no_buff_tag_id,use_origin_source
3,0,5000,0,253,31,f,226,,1,,,f
5,0,6000,0,,37,f,220,,2,,,f
6,15000,3000,0,,37,f,4,-1,3,,,t
7,15000,3000,0,,37,f,4,-1,4,,,t
8,7000,1000,4,,48,f,,-1,5,,,t
10,10000,0,0,410,,f,,-1,6,,,f
12,0,3000,0,220,37,f,265,-1,7,,,t
15,0,0,0,,1,f,4,-1,8,,,f
16,10000,5000,0,,45,f,345,359,9,,,f
18,30000,500,0,1216,46,f,,161,10,,,t
24,10000,5000,0,1216,45,f,345,463,11,,,t
26,500,300,0,,,f,,-1,12,,,t
27,0,0,0,,50,f,361,-1,13,,,t
28,0,0,1,258,51,f,375,-1,14,,,t
29,0,1000,4,477,32,f,,-1,15,,,t
30,6000,1000,4,,52,f,375,-1,16,,,t
31,0,0,5,253,53,f,375,-1,17,,,t
32,0,1000,4,,67,f,375,-1,18,,,t
33,0,1000,1,478,55,f,375,-1,19,,,t
34,0,0,3,169,,t,375,-1,20,,,t
35,10000,0,0,,50,f,361,449,21,,,t
39,1000,0,0,,58,f,,277,22,,,f
40,1000,0,0,,50,f,,278,23,,,f
41,0,0,0,,59,f,,1142,24,,,t
43,0,0,0,,50,f,24,-1,25,,,t
50,0,0,0,,59,f,,1113,26,,,f
51,12000,0,0,405,54,f,373,-1,27,,,t
52,15000,1000,5,,61,f,375,-1,28,,,t
53,4000,0,4,93,,f,424,-1,29,,,t
56,0,0,1,436,61,f,383,-1,30,,,t
57,1800,10000,0,434,10,f,,1260,31,,,t
58,9000,300,4,,61,f,375,-1,32,,,t
60,10000,0,1,,72,f,,1277,33,,,t
61,10000,0,1,,73,f,,1278,34,,,t
64,0,0,0,,61,f,,,35,,,t
68,10000,1000,4,,48,f,,-1,36,,,t
69,8000,6000,4,336,10,f,,,37,,,t
70,2000,0,0,,45,f,,1282,38,,,f
74,15000,0,0,,32,f,,,39,,,t
76,0,0,0,,49,f,,,40,,,t
79,0,0,0,537,31,f,,-1,41,,,t
84,10000,0,0,,60,f,,1497,42,,,f
86,3000,1000,4,,70,f,483,1633,43,,,t
88,0,0,0,,50,f,,-1,44,,,t
90,3000,0,0,,60,f,,5326,45,,,t
92,1000,1000,4,,,f,,2112,46,,,f
93,0,0,0,,31,f,,,47,,,t
94,0,0,0,,31,f,,,48,,,t
96,3000,1000,4,,70,f,483,1634,49,,,t
97,3000,1000,4,,70,f,483,1635,50,,,t
98,3000,1000,4,,70,f,483,1636,51,,,t
99,3000,1000,4,,70,f,483,-1,52,,,t
100,6000,0,4,435,61,f,375,-1,53,,,t
101,0,1000,0,,67,f,,-1,54,,,t
102,0,1000,4,,,f,,-1,55,,,t
103,7000,0,0,,58,f,,1337,56,,,t
104,3000,0,0,436,,f,,1812,57,,,t
105,6500,0,0,,49,f,,,58,,,t
107,1000,900,0,,,f,,-1,59,,,f
108,3000,0,0,13,259,f,,15985,60,,,t
109,10000,0,0,,,f,240,1845,61,,,t
112,0,0,0,,,f,497,,62,,,t
113,5000,3000,0,,74,f,,1914,63,,,t
114,2000,0,1,,74,f,,1933,64,,,t
116,0,0,0,,46,f,,,65,,,f
117,0,0,0,,60,f,,-1,66,,,t
118,0,0,0,,60,f,,-1,67,,,t
120,8000,1000,4,,70,f,483,-1,68,,,t
123,0,0,0,,46,f,345,-1,69,,,t
128,0,0,0,,75,f,,-1,70,,,t
129,0,0,0,,75,f,,-1,71,,,t
130,0,0,0,,75,f,,-1,72,,,t
131,0,0,0,,75,f,,-1,73,,,t
132,0,0,0,,75,f,,-1,74,,,t
133,0,0,0,,75,f,,-1,75,,,t
134,0,0,0,,75,f,,-1,76,,,t
135,0,0,0,,75,f,,-1,77,,,t
136,0,0,0,,75,f,,-1,78,,,t
137,0,0,0,,75,f,,-1,79,,,t
138,0,0,0,,75,f,,-1,80,,,t
139,0,0,0,,75,f,,-1,81,,,t
140,0,0,0,,75,f,508,2033,82,,,t
147,2000,1000,0,,,f,,2148,83,,,f
150,0,0,0,13,36,f,55,2206,84,,,t
153,1000,0,0,,45,f,,4989,85,,,t
155,0,0,0,,45,f,,,86,,,f
156,60000,0,1,780,85,f,,-1,87,,,t
160,0,0,0,822,83,f,,-1,88,,,t
162,30000,1000,0,,335,f,,2289,89,,,t
163,3000,0,0,,72,f,,2546,90,,,t
164,3000,0,0,,74,f,,7516,91,,,t
165,9000,0,0,,98,f,,3202,92,,,t
166,2000,0,0,,48,f,,2548,93,,,f
167,5000,0,0,,48,f,,2303,94,,,f
174,5000,0,0,,59,f,,2764,95,,,t
176,800,500,0,,55,f,,2763,96,,,t
182,3000,0,0,,46,f,,3017,97,,,f
183,3000,0,0,,72,f,,3021,98,,,t
184,5000,0,0,,74,f,,3022,99,,,t
186,3000,1000,0,,98,f,,-1,100,,,t
187,15000,0,0,,45,f,,3036,101,,,t
188,2000,0,0,,17,f,,2613,102,,,t
189,10000,0,0,952,48,f,,3044,103,,,t
190,30000,0,0,956,,f,32,3048,104,,,t
193,1000,0,4,,64,f,,3091,105,,,f
197,2000,0,0,972,94,f,,3115,106,,,t
199,10000,0,0,,58,f,,3134,107,,,f
200,2000,0,0,,73,f,,11104,108,,,t
201,5000,0,0,,91,f,,-1,109,,,t
202,5000,0,0,,91,f,,-1,110,,,t
206,10000,0,0,,61,f,,2352,111,,,t
209,0,0,0,,46,f,,-1,112,,,t
210,10000,0,0,,95,f,,3116,113,,,t
211,5000,1000,4,1018,48,f,,3267,114,,,t
212,0,0,0,,46,f,,-1,115,,,t
213,0,0,0,,45,f,,-1,116,,,t
214,0,0,0,,49,f,,-1,117,,,t
215,0,0,0,,32,f,,-1,118,,,t
216,15000,0,0,,32,f,,3292,119,,,t
217,5000,1000,0,,60,f,,3292,120,,,t
219,2000,0,0,,45,f,,3311,121,,,f
220,5000,500,4,,51,f,,3943,122,,,t
225,15000,0,0,,48,f,,-1,123,,,t
226,0,0,0,,45,f,,-1,124,,,t
227,0,0,0,,45,f,,-1,125,,,t
228,5000,1000,0,,61,f,,3332,126,,,t
229,0,0,0,,32,f,,-1,127,,,t
230,15000,1000,4,1047,97,f,,-1,128,,,t
231,1000,500,1,,85,f,,,129,,,t
232,0,0,0,,50,f,,,130,,,f
234,0,0,0,,11,f,,,131,,,f
236,5000,0,0,,70,f,,-1,132,,,t
237,4000,500,1,,85,f,,,133,,,t
238,5000,0,0,,74,f,,3611,134,,,t
239,500,500,4,128,101,f,,3159,135,,,t
240,0,0,0,,98,f,,2268,136,,,t
241,0,0,0,,98,f,,2434,137,,,t
245,0,1000,0,,61,f,,-1,138,,,t
246,2000,2000,1,1075,94,f,,,139,,,t
248,500,0,0,,,f,,3618,140,,,t
250,0,0,0,,46,f,,-1,141,,,t
252,3000,1000,0,,61,f,,3674,142,,,t
253,0,500,4,,,f,,-1,143,,,t
254,5000,1000,0,,104,f,,3311,144,,,t
255,2000,0,0,,45,f,,3732,145,,,t
256,3000,0,0,,168,f,,2749,146,,,t
258,180000,0,0,,109,f,,,147,,,t
261,2000,0,0,,61,f,,3793,148,,,f
262,0,0,0,,75,f,508,-1,149,,,t
263,0,0,0,,75,f,508,-1,150,,,t
264,1000,500,0,,,f,,-1,151,,,t
265,10000,0,0,,50,f,,209,152,,,t
267,10000,0,0,,32,f,,403,153,,,t
268,10000,0,0,,85,f,,405,154,,,t
269,10000,0,0,,61,f,,260,155,,,t
270,5000,500,0,,45,f,,3945,156,,,t
271,3000,500,0,,104,f,,-1,157,,,t
272,1500,500,0,,51,f,,3316,158,,,t
274,0,0,0,,109,f,,-1,159,,,t
275,1000,1000,0,,,f,,,160,,,f
276,6000,0,0,,91,f,,2533,161,,,t
277,5000,0,0,,91,f,,2547,162,,,t
279,9000,1000,4,1165,61,f,,-1,163,,,t
280,0,0,5,1169,53,f,375,-1,164,,,f
284,500,300,0,,61,f,,16000,165,,,t
285,2000,0,0,,45,f,,4001,166,,,f
286,15000,0,0,,48,f,,3727,167,,,f
287,10000,0,0,,61,f,,-1,168,,,t
289,3000,0,0,,45,f,,3658,169,,,t
290,10000,2500,0,,85,f,,4059,170,,,t
291,0,0,0,,117,f,,-1,171,,,t
292,0,0,0,,117,f,,-1,172,,,t
293,0,0,0,,117,f,,-1,173,,,t
294,0,0,0,,117,f,,-1,174,,,t
295,5000,1000,0,,48,f,,4113,175,,,t
296,2000,0,0,,104,f,,7238,176,,,t
297,10000,2500,0,,50,f,,4059,177,,,t
298,20000,0,3,1244,122,f,,-1,178,,,f
299,20000,0,3,1246,123,f,,-1,179,,,t
300,20000,0,3,1247,124,f,,-1,180,,,t
301,20000,0,3,1248,125,f,,-1,181,,,t
302,20000,0,1,1249,126,f,,-1,182,,,t
303,10000,0,0,,128,f,,4168,183,,,t
311,0,0,0,,117,f,,-1,184,,,t
312,15000,0,0,1308,45,f,,4179,185,,,t
314,1000,500,0,,101,f,,4238,186,,,t
316,5000,0,0,1323,122,t,,4256,187,,,t
317,3000,0,0,1327,,f,,4257,188,,,t
318,3000,0,0,1330,,f,,4257,189,,,t
319,3000,0,0,1332,,f,,4257,190,,,t
320,3000,0,0,1333,,f,,4257,191,,,t
321,3000,0,0,1331,,f,,4257,192,,,t
322,3000,0,0,1334,,f,,4257,193,,,t
323,5000,0,0,,132,f,,-1,194,,,t
324,20000,0,0,,122,f,,4286,195,,,t
326,3000,0,0,,133,f,,11772,196,,,t
328,25000,0,0,,123,f,,4359,197,,,t
329,12000,0,0,,122,f,,6767,198,,,t
330,0,0,0,1319,,f,,-1,199,,,f
332,0,500,0,1358,,f,,,200,,,t
333,5000,0,0,,70,f,623,4686,201,,,f
334,5000,0,0,1361,70,f,,4689,202,,,t
335,5000,500,4,,,f,,4713,203,,,t
336,30000,1000,0,1364,,f,,4715,204,,,t
337,5000,0,0,,72,f,,4715,205,,,f
338,0,0,1,1369,,f,,-1,206,,,t
340,1000,600,0,,133,f,,4804,207,,,f
341,10000,0,0,,95,f,,4788,208,,,f
342,1000,600,0,,,f,,4804,209,,,f
343,30000,0,0,1381,61,f,,4820,210,,,t
344,30000,0,0,1381,61,f,,4819,211,,,t
345,1000,600,0,,,f,,4804,212,,,f
346,1000,600,0,,,f,,4804,213,,,f
347,1000,600,0,,,f,,4804,214,,,f
348,1000,600,0,,,f,,4790,215,,,t
349,1000,600,0,,,f,,4788,216,,,t
350,0,0,0,,61,f,,-1,217,,,t
351,1000,0,0,,104,f,,4859,218,,,t
352,0,0,0,,61,f,,-1,219,,,t
354,0,0,0,,61,f,,-1,220,,,t
355,1000,0,0,,104,f,,4863,221,,,t
356,0,0,0,,61,f,,-1,222,,,t
357,1000,600,0,,,f,,4871,223,,,f
358,10000,0,0,,193,f,,4868,224,,,t
359,10000,0,0,,61,f,,4897,225,,,t
360,3000,0,0,1393,,f,,4898,226,,,t
361,3000,0,0,1394,,f,,4898,227,,,t
362,3000,0,0,1395,,f,,4898,228,,,t
363,3000,0,0,1396,,f,,4898,229,,,t
364,3000,0,0,1397,,f,,4898,230,,,t
365,3000,0,0,1398,,f,,4898,231,,,t
366,5000,0,0,,61,f,,2736,232,,,f
368,1500,0,0,,132,f,,4940,233,,,t
370,5000,0,0,,92,f,,1423,234,,,t
372,1000,0,5,,132,f,,1475,235,,,t
375,3000,0,0,,45,f,,5319,236,,,t
383,3000,0,0,,136,f,379,4869,237,,,f
384,30000,0,0,1455,,f,,,238,,,t
385,30000,0,0,1364,61,f,,5145,239,,,t
386,10000,0,0,,133,f,,4804,240,,,t
391,0,0,0,,126,f,,,241,,,t
393,1000,0,0,,95,f,,5231,242,,,t
395,0,0,0,,98,f,,-1,243,,,t
396,500,0,0,,59,f,,-1,244,,,t
397,0,0,0,,98,f,,5182,245,,,t
398,2000,0,4,,104,f,,5232,246,,,t
400,1000,0,0,,153,f,768,5301,247,,,t
401,10000,500,5,1486,,f,,5304,248,,,t
402,1000,0,0,,153,f,,5319,249,,,f
403,15000,2000,0,,61,f,,5321,250,,,t
404,10000,1000,0,,61,f,,5331,251,,,t
405,1000,0,0,,104,f,,5335,252,,,t
406,10000,1000,0,,61,f,,5338,253,,,t
407,1000,0,0,741,,f,,5339,254,,,t
409,10000,0,0,,152,f,,5350,256,,,t
410,0,0,0,,61,f,,-1,257,,,t
411,0,0,0,,61,f,,-1,258,,,t
412,0,0,0,,104,f,,-1,259,,,t
414,3000,0,0,,61,f,,5355,260,,,t
415,1000,0,0,,104,f,,5356,261,,,t
420,1000,0,0,,194,f,,2736,262,,,f
421,60000,500,4,1513,169,t,,-1,263,,,t
422,0,0,5,1520,59,f,,-1,264,,,t
423,2000,0,4,1521,104,f,,5398,265,,,t
425,500,450,0,,,f,,5407,266,,,t
426,5000,0,0,1503,,f,,5415,267,,,t
427,5000,0,0,,45,f,,5434,268,,,t
428,2000,0,0,,72,f,620,-1,269,,,t
429,0,0,0,,1,f,4,5441,270,,,t
430,7000,0,0,,237,f,360,9916,271,,,t
431,6000,0,0,,,f,769,5279,272,,,t
432,10000,0,0,,37,f,,5476,273,,,t
433,30000,0,0,,117,f,,5499,274,,,t
436,0,0,0,,46,f,,-1,275,,,t
437,2000,0,0,,61,f,,5541,276,,,f
439,1000,0,0,,95,f,,5558,277,,,t
440,1000,0,0,,95,f,,1474,278,,,t
441,0,0,0,,104,f,,-1,279,,,t
442,0,0,0,,109,f,,-1,280,,,t
444,1000,600,1,,,f,,5752,281,,,t
445,1000,600,1,,,f,,5752,282,,,f
446,7000,0,0,1618,70,f,,5771,283,,,t
447,1000,0,0,,58,f,,5775,284,,,t
449,500,260,5,,,f,,5817,285,,,t
450,500,260,5,,,f,,5818,286,,,t
451,500,260,5,,,f,,6682,287,,,f
452,500,260,5,,,f,,5822,288,,,t
453,500,260,5,,,f,,5823,289,,,t
454,500,260,5,,,f,,5824,290,,,t
455,500,260,5,,,f,,5825,291,,,t
456,500,260,5,,,f,,5836,292,,,t
457,0,0,0,,,f,774,5903,293,,,t
458,500,260,5,,,f,,5887,294,,,t
459,500,260,5,,,f,,5889,295,,,t
460,500,260,5,,,f,,5891,296,,,t
461,500,260,5,,,f,,5893,297,,,t
462,500,260,5,,,f,,5895,298,,,t
463,500,260,5,,,f,,5897,299,,,t
464,500,260,5,,,f,,5904,300,,,t
465,500,260,5,,,f,,5906,301,,,t
466,500,260,5,,,f,,6675,302,,,t
467,500,260,5,,,f,,5910,303,,,t
468,500,260,5,,,f,,5912,304,,,t
469,500,260,5,,,f,,5914,305,,,t
470,500,260,5,,,f,,5916,306,,,t
472,500,260,5,,,f,,5921,307,,,t
473,500,260,5,,,f,,5923,308,,,t
474,500,260,5,,,f,,5925,309,,,t
475,500,260,5,,,f,,5927,310,,,t
476,500,260,5,,,f,,5929,311,,,t
477,500,260,5,,,f,,5931,312,,,t
478,500,260,5,,,f,,5933,313,,,t
479,500,260,5,,,f,,5935,314,,,t
480,5000,0,0,,133,f,,5976,315,,,t
481,500,260,5,,,f,,5943,316,,,t
483,6000,1000,0,,154,f,,2590,317,,,f
485,500,450,0,,,f,,6199,318,,,t
489,500,450,0,,,f,,6215,319,,,t
494,1000,0,0,,76,f,,6254,320,,,f
496,7000,500,4,1695,38,f,229,-1,321,,,t
497,5000,0,0,,133,f,,6279,322,,,t
502,1500,1000,5,,,f,,6425,323,,,t
503,1500,1000,5,,,f,,6427,324,,,t
504,1500,1000,5,,,f,,6428,325,,,t
505,1500,1000,5,,,f,,6426,326,,,t
506,1500,1000,0,,,f,,,327,,,t
507,1500,1000,5,,,f,,6273,328,,,t
508,1500,1000,5,,,f,,6415,329,,,t
509,1500,1000,5,,,f,,6408,330,,,t
510,1500,1000,5,,,f,,6410,331,,,t
511,1500,1000,5,,,f,,6409,332,,,t
513,1500,1000,5,,,f,,6407,333,,,t
514,1500,1000,5,,,f,,6406,334,,,t
515,1500,1000,5,,,f,,6421,335,,,t
516,1500,1000,5,,,f,,6422,336,,,t
517,1500,1000,5,,,f,,6420,337,,,t
519,1500,1000,5,,,f,,6324,338,,,t
522,1500,1000,5,,,f,,6419,339,,,t
524,1500,1000,5,,,f,,6418,340,,,t
525,1500,1000,5,,,f,,6417,341,,,t
526,1500,1000,5,,,f,,6416,342,,,t
527,500,450,0,,,f,,6485,343,,,t
528,500,450,0,,,f,,6493,344,,,t
529,1500,1000,5,,,f,,6506,345,,,t
530,1500,1000,5,,,f,,6508,346,,,t
531,1500,1000,5,,,f,,6510,347,,,t
532,1500,1000,5,,,f,,6512,348,,,t
533,1500,1000,5,,,f,,6514,349,,,t
534,1500,1000,5,,,f,,6516,350,,,t
535,1500,1000,0,,,f,,6521,351,,,t
536,1000,1000,0,,104,f,55,6526,352,,,t
537,0,0,0,,98,f,,6571,353,,,t
538,30000,0,1,1740,,f,,6594,354,,,t
539,30000,1000,1,,,f,78,6596,355,,,t
540,3000,600,0,,59,f,,6823,356,,,t
541,1000,1000,0,,132,f,,7180,357,,,t
543,0,0,0,,154,f,,-1,358,,,t
545,2000,0,0,,285,f,,-1,359,,,t
546,4000,0,0,,156,f,,6604,360,,,t
547,200,0,4,1742,158,f,,,361,,,t
548,20000,1000,0,,61,f,,6635,362,,,t
550,3000,0,0,,168,f,,6240,363,,,t
552,2000,0,0,,341,f,,5942,364,,,f
553,1500,500,4,1781,,f,,6658,365,,,t
554,2000,0,0,,109,f,,6674,366,,,t
559,10000,0,4,1846,70,f,,6720,367,,,t
560,60000,2000,0,1831,97,f,,,368,,,t
562,10000,2000,4,1841,,f,,6779,369,,,t
564,1000,600,4,,,f,,6879,370,,,t
565,2000,0,0,,,f,,302,371,,,f
568,2000,1000,0,,,f,,6884,372,,,t
570,1000,600,4,,,f,,6890,373,,,t
571,0,1000,5,,55,f,,-1,374,,,f
573,2000,1000,4,,,f,,6922,375,,,t
574,2000,1000,4,,,f,,6924,376,,,t
587,1000,500,4,,,f,,6943,377,,,t
588,0,0,0,,122,f,,-1,378,,,t
589,0,0,0,,122,f,,-1,379,,,t
590,0,0,0,,122,f,,-1,380,,,t
591,1000,600,4,,,f,,6951,381,,,t
593,1000,500,4,,,f,,6974,382,,,t
594,300,200,1,,,f,,6980,383,,,t
596,20000,0,0,,202,f,,8506,384,,,t
606,30000,0,0,1917,,f,,7026,385,,,f
607,30000,1000,0,1918,,f,,7026,386,,,f
617,2000,0,0,,55,f,,5547,387,,,t
619,610000,0,0,1917,,f,,7052,388,,,t
620,610000,1000,0,1918,,f,,7054,389,,,t
622,1000,500,4,,,f,,7082,390,,,t
627,15000,1000,0,1918,,f,,7133,391,,,f
628,5000,0,0,1917,,f,,7054,392,,,f
630,20000,0,0,,175,f,,-1,393,,,t
631,20000,0,0,,175,f,,7148,394,,,t
648,8000,0,4,253,53,f,,7216,395,,,t
650,2000,0,0,,,f,,7225,396,,,t
653,0,0,0,,61,f,,7228,397,,,t
654,1000,0,0,,168,f,,7253,398,,,t
657,5000,0,0,,133,f,,7298,399,,,t
658,1000,0,0,,203,f,,-1,400,,,t
660,5000,1000,0,,95,f,,6617,401,,,t
661,1000,0,0,,115,f,,6694,402,,,t
662,10000,300,4,2778,206,f,,-1,403,,,t
663,5500,0,0,1984,210,f,,,404,,,t
664,2000,1000,4,,,f,,7390,405,,,t
665,0,0,0,,48,f,,-1,406,,,t
668,0,0,0,,48,f,,5463,407,,,t
669,0,0,0,,48,f,,5467,408,,,t
672,10000,0,0,,96,f,,4932,409,,,f
675,1500,500,4,2011,,f,,7419,410,,,t
677,10000,500,0,2037,,f,,7469,411,,,t
678,3000,2000,0,,126,f,,7499,412,,,t
679,3000,2000,0,,126,f,,7500,413,,,t
680,3000,2000,0,,126,f,,7501,414,,,t
681,3000,2000,0,,126,f,,7502,415,,,t
682,3000,2000,0,,126,f,,7503,416,,,t
685,300000,0,0,2141,,f,,7577,417,,,t
686,0,0,0,,213,f,,7395,418,,,t
687,0,0,0,,216,f,,7397,419,,,t
688,0,0,0,,218,f,,7399,420,,,t
689,0,0,0,,220,f,,7401,421,,,t
690,0,0,0,,215,f,,-1,422,,,t
693,0,1000,1,2143,,f,,-1,423,,,t
694,0,1000,1,2147,,f,,-1,424,,,t
695,0,1000,1,2146,,f,,-1,425,,,t
696,0,0,0,,212,f,,-1,426,,,t
697,0,0,0,,217,f,,-1,427,,,t
698,0,0,0,,219,f,,-1,428,,,t
699,0,1000,4,2148,,f,,-1,429,,,t
700,20000,0,1,2210,,f,,7781,430,,,t
702,10000,0,0,,133,f,,7817,431,,,t
703,0,0,0,2221,,f,,-1,432,,,t
705,2000,0,1,,58,f,,7887,433,,,t
706,0,0,5,2149,,f,,-1,434,,,t
707,350,300,0,,,f,,7899,435,,,t
708,0,0,0,2221,,f,,-1,436,,,f
709,2000,0,0,,55,f,,2204,437,,,f
711,2000,0,1,,58,f,,7883,438,,,t
713,2000,0,0,,55,f,,7926,439,,,t
716,4000,0,0,,93,f,834,7840,440,,,f
717,3000,0,0,,2,f,,8169,441,,,f
718,0,1000,0,2252,,f,,,442,,,t
720,0,0,0,2221,,f,,-1,443,,810,t
723,1000,1000,0,,64,f,,8258,444,,,t
724,0,0,0,,93,f,,,445,,,t
725,12000,500,0,4530,51,f,,8287,446,,,t
726,3000,500,0,,51,f,,,447,,,f
727,5000,500,0,,45,f,,,448,,,f
728,3000,500,0,,104,f,,15994,449,,,t
729,3000,0,0,,,f,330,8290,450,,,t
730,5000,0,0,,,f,,8322,451,,,t
731,2500,0,0,,,f,,8324,452,,,t
732,0,0,0,,,f,330,8163,453,,,t
734,10000,0,0,,,f,240,8336,455,,,t
737,10000,0,4,2310,235,f,,-1,457,,,t
739,1000,1000,0,,132,f,,8391,458,,,t
743,7000,1000,4,2347,237,f,,-1,459,,,t
744,3000,0,0,,58,f,,8340,460,,,f
745,2000,0,0,,58,f,,8562,461,,,f
746,5000,0,0,,45,f,708,8418,462,,,f
748,0,0,0,,72,f,585,7873,463,,,t
749,5000,0,0,,72,f,585,8429,464,,,t
750,5000,0,0,,72,f,585,8431,465,,,t
751,20000,1000,1,2387,85,f,,-1,466,,,t
752,300000,1000,0,2433,85,f,,8559,467,,,t
753,1000,500,4,,,f,,8583,468,,,t
754,1000,600,4,,,f,,8600,469,,,f
756,200,190,4,,,f,,8643,470,,,t
757,10000,0,1,,72,f,,8654,471,,,f
758,10000,0,1,,73,f,,,472,,,f
759,5000,3000,0,,74,f,,,473,,,f
760,5000,0,0,,126,f,,8533,474,,,t
761,2000,0,1,,74,f,,-1,475,,,f
762,10000,0,1,,72,f,,,476,,,f
763,10000,0,1,,73,f,,,477,,,f
764,5000,3000,0,,74,f,,,478,,,f
765,2000,0,1,,74,f,,,479,,,f
766,300000,10,0,2433,85,f,,8338,480,,,t
768,5000,0,0,,72,f,585,8685,481,,,t
769,10000,0,1,,72,f,,,482,,,f
770,10000,0,1,,73,f,,,483,,,f
772,10000,0,1,,72,f,,,484,,,f
773,10000,0,1,,73,f,,,485,,,f
774,10000,0,1,,72,f,,8696,486,,,f
775,10000,0,1,,73,f,,8698,487,,,f
776,5000,3000,0,,74,f,,8695,488,,,f
777,2000,0,1,,74,f,,,489,,,f
778,10000,0,1,,72,f,,8700,490,,,f
779,10000,0,1,,73,f,,8701,491,,,f
780,5000,3000,0,,74,f,,8702,492,,,f
781,2000,0,1,,74,f,,,493,,,f
782,10000,6000,0,,72,f,,8705,494,,,t
783,5000,0,0,,237,f,,-1,495,,,t
785,1000,0,0,,152,f,,8729,496,,,t
788,1000,1000,0,,74,f,,8769,497,,,f
790,1000,300,0,,,f,,8777,499,,,t
791,1000,1000,0,,292,f,,8773,500,,,t
792,1000,600,4,,,f,,8737,501,,,t
793,2000,0,0,,168,f,,8796,502,,,t
795,2000,0,0,,168,f,,8798,503,,,t
796,2000,0,0,,168,f,,8800,504,,,f
797,2000,0,0,,168,f,,8802,505,,,f
798,120,100,4,,,f,,8803,506,,,t
799,2000,0,0,,60,f,,8631,507,,,t
800,0,0,0,,75,f,,-1,508,,,f
803,1000,1000,0,,104,f,,9045,509,,,t
805,0,0,0,,,f,,,510,,,f
807,0,0,0,,124,f,,9056,511,,,f
808,0,0,0,,122,f,,9057,512,,,f
818,5000,0,1,2477,,f,,9196,513,,,f
820,30000,0,0,,257,f,,9828,514,,,t
821,500,450,0,,,f,,-1,515,,,f
822,500,450,0,,,f,,-1,516,,,f
823,500,450,0,,,f,,-1,517,,,f
824,2000,0,0,2612,94,f,,9260,518,,,t
825,500,450,0,,,f,,-1,519,,,f
826,500,450,0,,,f,,-1,520,,,f
827,500,450,0,,,f,,9281,521,,,f
830,2000,0,0,,45,f,,9866,522,,,t
831,20000,5000,0,2665,,f,,9211,523,,,t
832,20000,5000,0,2666,,f,,9210,524,,,t
834,0,0,0,2514,,f,,-1,525,,,t
839,500,450,0,,,f,,9331,526,,,t
841,10000,500,4,,,f,,9373,528,,,f
842,6000,1000,4,2560,61,f,,-1,529,,,f
844,10000,1000,4,,,f,,-1,530,,,f
845,1000,600,4,,,f,,9416,531,,,f
846,10000,1000,4,,,f,,-1,532,,,f
847,10000,1000,4,,,f,,-1,533,,,f
848,10000,1000,4,,,f,,-1,534,,,f
852,110,100,4,,,f,,9435,535,,,t
854,1000,0,0,,104,f,,9472,536,,,t
855,1000,0,0,,104,f,,9474,537,,,t
857,0,0,0,,246,f,,,539,,,f
858,5000,0,0,,45,f,,9484,540,,,t
859,200,190,4,,,f,,9489,541,,,t
861,6200,3000,4,,,f,,9496,543,,,f
865,7000,0,1,2596,248,f,,-1,544,,,t
866,8000,0,4,2575,,f,,-1,545,,,f
867,2000,0,0,,,f,978,9529,546,,,t
869,500,700,0,,,f,,9559,547,,,t
870,0,2000,0,,179,f,,,548,,,t
871,0,0,0,,180,f,,,549,,,t
872,1000,1000,0,2636,,f,,,550,,,f
873,0,0,0,,49,f,,,551,,,f
874,4000,0,0,,168,f,782,5530,552,,,t
875,500,0,0,2636,,f,,-1,553,,,f
876,8000,0,4,2695,,f,,-1,554,,,t
881,110,100,4,,,f,,9755,555,,,t
883,3000,250,4,3703,,f,,9764,556,,,t
884,1000,250,4,2674,,f,50,9763,557,,,f
885,1000,250,4,3703,,f,,9764,558,,,f
886,200,190,4,3703,,f,,-1,559,,,t
887,10000,500,4,,,f,,-1,560,,,f
889,8000,0,4,2575,,f,,-1,561,,,t
890,6000,1000,4,2687,,f,,9775,562,,,f
891,5000,0,0,,109,f,,9970,563,,,t
892,8000,0,0,,329,f,,9786,564,,,t
893,3000,0,0,,109,f,,2445,565,,,t
894,2000,500,4,,,f,,9808,566,,,t
895,3000,0,0,,194,f,,2447,567,,,t
896,3000,0,0,,109,f,,2447,568,,,f
897,3000,0,0,,109,f,,2449,569,,,t
898,5000,0,0,,329,f,,9823,570,,,t
903,3000,0,0,,194,f,,15986,573,,,t
904,3000,0,0,,124,f,,9852,574,,,t
905,200,190,0,,,f,,9854,575,,,t
906,10000,300,4,2734,206,f,,-1,576,,,t
907,3000,1000,4,,70,f,483,9861,577,,,f
908,3000,1000,4,,70,f,483,9862,578,,,f
909,3000,100,4,,70,f,483,9863,579,,,f
910,10000,3000,0,2655,175,f,,9939,580,,,t
912,18000000,0,0,,59,f,,9887,581,,,t
913,20000,0,0,,250,f,,9828,582,,,f
915,5000,0,0,,329,f,,9887,583,,,t
916,30000,0,0,,257,f,,9215,584,,,t
918,2000,0,0,,221,f,,9220,585,,,t
921,2000,0,0,3767,72,f,,9804,587,,,t
923,0,0,0,,,f,1017,10681,588,,,t
926,3000,0,0,2967,73,f,,9998,589,,,t
927,5000,0,0,1361,70,f,,7636,590,,,t
929,5000,0,0,1361,70,f,,7665,591,,,t
930,5000,0,0,1361,70,f,,7671,592,,,t
931,5000,0,0,1361,70,f,,7644,593,,,t
932,0,0,0,2827,154,f,,-1,594,,,t
933,10000,1000,4,,,f,1022,-1,595,,,t
934,0,0,0,2827,154,f,,-1,596,,,t
935,0,0,0,2827,154,f,,-1,597,,,t
936,0,0,0,,246,f,,-1,598,,,t
938,5000,0,0,1361,70,f,,7659,599,,,t
939,2000,10,0,,72,f,,9744,600,,,t
940,0,0,0,,186,f,,-1,601,,,t
941,2000,500,4,,,f,,10020,602,,,t
942,5000,0,0,1361,70,f,,6907,603,,,t
943,5000,0,0,1361,70,f,,8020,604,,,t
947,0,500,0,2783,,f,,-1,605,,,t
949,0,0,0,,,f,,,606,,,t
950,1000,1000,0,2127,,f,,,607,,,f
951,39000,0,0,,109,f,,16001,608,,,t
958,1000,0,0,,,f,1021,9996,609,,,f
959,2000,0,0,,194,f,,9869,610,,,f
960,1000,0,0,,194,f,,10329,611,,,t
961,30000,0,0,,257,f,,9897,612,,,f
969,2000,0,0,,,f,,,613,,,t
972,1000,0,0,,104,f,,15991,614,,,t
975,30000,0,0,,101,f,,10351,617,,,t
977,7000,1000,4,,237,f,,-1,618,,,t
978,60000,0,0,3019,,f,,10381,619,,,t
980,1000,500,0,,,f,,10332,620,,,t
982,3800,0,4,2674,,f,,10472,621,,,t
983,2000,0,0,,93,f,,1454,622,,,t
984,1000,0,0,2992,259,f,,,623,,,t
985,4000,0,0,,152,f,570,10543,624,,,t
986,2000,0,0,,251,f,583,10551,625,,,t
987,5000,0,0,,168,f,69,10556,626,,,t
988,0,0,0,3014,,f,,,627,,,f
990,0,0,0,3013,,f,,-1,628,,,t
992,0,0,7,6156,,f,,-1,629,,,t
993,1200,1000,0,,,f,110,10598,630,,,f
994,900000,0,3,3056,275,f,,-1,631,,,t
996,0,0,0,,109,f,,-1,632,,,t
997,0,1000,0,,267,f,,-1,633,,,t
999,5000,0,0,,174,f,875,9433,634,,,t
1001,100,90,4,,,f,,10731,635,,,t
1003,0,1000,0,,269,f,,-1,637,,,t
1004,110,100,4,,,f,,10751,638,,,t
1005,110,100,4,,,f,,10753,639,,,t
1006,2000,0,0,,259,f,,10765,640,,,t
1007,0,0,0,3060,,f,,-1,641,,,t
1008,0,0,7,6156,,f,,-1,642,,,t
1009,10000,0,0,,45,f,,10825,643,,,t
1012,5000,0,1,,168,f,,,644,,,t
1013,2000,1000,0,,,f,,10897,645,,,t
1014,180000,10,0,3123,85,f,,10712,646,,,t
1015,14500,0,0,,257,f,,10984,647,,,t
1016,1000,0,0,,259,f,,15992,648,,,t
1018,7000,1000,1,,,f,,11017,649,,,t
1021,3000,0,0,,126,f,,7828,650,,,t
1022,1000,0,0,,74,f,,2277,651,,,t
1023,10000,0,1,3456,85,f,,-1,652,,,t
1026,5000,0,0,,194,f,,15995,654,,,t
1027,3000,0,0,,133,f,,,655,,,f
1029,4000,0,0,,151,f,774,11286,656,,,t
1030,3000,0,0,,,f,774,11289,657,,,t
1031,10000,0,0,,61,f,,11158,658,,,t
1032,4000,0,0,,154,f,1018,11293,659,,,t
1033,1000,0,0,,194,f,,11297,660,,,t
1035,0,100,0,3585,,f,,,661,,,t
1036,0,0,0,,329,f,,-1,662,,,t
1037,10000,1000,0,3599,,f,,11387,663,,,f
1038,100,90,4,,,f,,11390,664,,,t
1039,4000,0,0,,246,f,774,11393,665,,,t
1040,100,90,4,,,f,,11395,666,,,t
1041,7000,1000,1,3615,,f,,12024,667,,,t
1042,350,300,0,,,f,,11427,668,,,t
1043,3000,1000,4,,70,f,483,11578,669,,,t
1044,3000,1000,4,,70,f,483,11579,670,,,t
1045,3000,1000,4,,70,f,483,11580,671,,,t
1046,3000,1000,4,,70,f,483,11581,672,,,t
1047,3000,1000,4,,70,f,483,-1,673,,,t
1048,0,600,0,2783,,f,,-1,674,,,t
1049,0,1000,0,3632,,f,,-1,675,,,t
1050,1000,0,0,,262,f,,7847,676,,,t
1051,3000,0,0,,249,f,,7850,677,,,t
1052,0,0,0,2149,,f,,,678,,,t
1053,1800000,0,3,3657,276,f,,-1,679,,,t
1054,2000,0,0,,268,f,,-1,680,,,t
1055,0,0,0,,98,f,,-1,681,,,t
1056,2000,10,0,,185,f,,12227,682,,,t
1057,1000,0,0,,85,f,,2029,683,,,t
1058,1000,0,0,,85,f,,2031,684,,,t
1059,1000,0,0,,85,f,,2042,685,,,t
1060,1000,0,0,,85,f,,2030,686,,,t
1061,1000,0,0,,132,f,,,687,,,t
1062,1000,0,0,,126,f,,,688,,,t
1063,5000,0,1,3705,,f,,12278,689,,,t
1064,5000,0,0,,85,f,,10903,690,,,t
1066,0,0,0,1348,,f,,-1,691,,,t
1067,0,0,0,3711,,f,,,692,,,t
1069,18000,0,5,3055,246,f,1018,10730,693,,,t
1070,3000,0,0,,95,f,,9511,694,,,t
1072,2000,1000,5,,72,f,,3948,695,,,f
1073,0,500,0,,,f,,,696,,,t
1074,100,100,0,,,f,,-1,697,,,f
1075,0,0,0,,109,f,,-1,698,,,t
1077,0,600,0,2783,,f,,-1,700,,,t
1078,0,600,0,2783,,f,,-1,701,,,t
1080,1000,0,0,,94,f,,15996,702,,,t
1081,2000,0,0,,194,f,,14689,703,,,t
1083,1000,0,0,,292,f,,15975,704,,,t
1084,1000,0,0,,153,f,,12734,705,,,t
1087,3000,1000,5,1522,267,f,,-1,708,,,t
1089,1000,0,0,,145,f,,15984,710,,,t
1090,500,0,0,,194,f,,12821,711,,,t
1091,20000,1000,4,2815,97,f,,,712,,,t
1092,4000,0,0,3754,61,f,,12825,713,,,t
1093,3000,1000,0,,48,f,,12827,714,,,t
1094,3000,0,0,,292,f,,16002,715,,,t
1096,5000,0,0,,153,f,,12930,716,,,t
1097,3000,0,0,,73,f,,16003,717,,,t
1098,10000,0,0,,109,f,,7425,718,,,t
1100,3500,0,3,3771,,f,,-1,719,,,t
1101,10000,0,0,,205,f,,10562,720,,,t
1104,10000,0,0,,73,f,,12996,721,,,t
1105,2000,100,0,,70,f,483,-1,722,,,t
1106,2000,0,5,1473,49,f,,11384,723,,,f
1107,0,0,0,,122,f,,-1,724,,,t
1108,0,1000,0,,,f,,13047,725,,,t
1109,1000,0,4,,261,f,,-1,726,,,t
1110,0,0,0,1058,154,f,,-1,727,,,t
1111,0,0,0,,168,f,,-1,728,,,t
1112,10000,300,4,,206,f,,-1,729,,,t
1113,30000,5000,0,1473,,f,,11383,730,,,t
1115,3000,0,0,,46,f,,1467,731,,,t
1116,60000,5000,0,4352,,f,,10975,732,,,t
1117,0,1000,0,3813,,f,,-1,733,,,t
1119,10000,100,0,3828,,f,,13174,735,,,f
1120,8000,500,0,3836,,f,,13190,736,,,t
1121,40000,1000,0,,,f,,13194,737,,,f
1124,3000,0,0,,59,f,,16004,739,,,t
1125,0,0,0,,,f,,,740,,,t
1127,3000,0,0,,109,f,,4696,741,,,t
1128,1000,500,0,,,f,,13230,742,,,f
1129,3000,2000,5,3850,,f,,1955,743,,,t
1130,1000,500,0,,,f,,13230,744,,,t
1131,0,0,0,,45,f,,-1,745,,,t
1132,10000,0,0,,58,f,,2510,746,,,t
1133,0,0,5,3809,,f,,-1,747,,,t
1134,12000,1000,4,3875,,f,,13273,748,,,t
1136,12000,1000,1,3877,,f,,,749,,,t
1137,12000,1000,1,3883,,f,,,750,,,t
1138,0,0,0,,176,f,,-1,751,,,t
1139,1500,1000,4,3884,,f,,,752,,,t
1140,0,0,0,,176,f,,-1,753,,,t
1141,0,0,0,,176,f,,-1,754,,,t
1142,0,0,0,,176,f,,-1,755,,,t
1143,0,0,4,3887,,f,,,756,,,t
1145,400,500,4,,,f,,13316,758,,,t
1146,400,390,4,3894,,f,,,759,,,f
1147,0,0,4,3895,,f,,,760,,,t
1148,0,0,0,,176,f,,-1,761,,,t
1150,100,90,0,3999,,f,,14139,762,,,t
1151,200,110,4,,,f,,13780,763,,,t
1152,200,100,4,,,f,,13425,764,,,t
1154,20000,0,1,3916,,f,,,765,,,t
1155,200,190,0,3999,,f,,13411,766,,,t
1156,2500,500,4,3925,,f,,13449,767,,,t
1157,200,190,4,,,f,,13450,768,,,t
1159,300,250,4,,,f,,13774,769,,,t
1160,15000,1000,4,3931,,f,,,770,,,t
1161,15000,1000,4,3935,,f,,,771,,,t
1162,15000,1000,1,,,f,,,772,,,t
1163,10000,1000,4,,,f,,,773,,,t
1164,200,190,4,,,f,,-1,774,,,t
1167,490,250,4,,,f,,13775,777,,,t
1168,490,250,4,3938,,f,,13776,778,,,t
1169,10000,100,1,3945,,f,,13498,779,,,f
1170,0,0,4,3946,,f,,13503,780,,,t
1171,5000,0,4,3948,,f,,,781,,,t
1174,3000,0,4,3900,,f,,13510,784,,,t
1175,490,250,4,,,f,,13513,785,,,t
1177,0,0,0,,176,f,,-1,787,,,t
1178,5000,0,4,3984,,f,,,788,,,t
1179,2000,1000,4,,70,f,483,13532,789,,,f
1180,2000,1000,4,,70,f,483,13533,790,,,f
1181,2000,1000,4,,70,f,483,13534,791,,,f
1182,3000,0,0,3996,,f,,13547,792,,,t
1183,5000,0,0,3996,,f,,13549,793,,,t
1184,7000,0,0,3996,,f,,13551,794,,,t
1185,190,100,0,,,f,,,795,,,t
1186,0,200,0,4027,,f,,,796,,,t
1188,0,0,4,4042,,f,,,798,,,t
1189,5000,200,0,3996,,f,,13652,799,,,t
1190,5000,200,0,3996,,f,,13653,800,,,t
1191,6000,1000,4,4040,,f,,13656,801,,,f
1192,200,190,0,4091,,f,,13664,802,,,t
1193,0,200,0,4059,,f,,,803,,,t
1194,0,200,0,4059,,f,,,804,,,t
1195,0,200,0,4059,,f,,,805,,,t
1196,200,190,4,,,f,,13679,806,,,t
1197,2500,500,4,3925,,f,,13678,807,,,t
1198,3000,1000,4,4070,,f,,,808,,,t
1199,500,300,0,,,f,,15997,809,,,t
1202,5000,1000,0,4130,,f,,13762,812,,,t
1203,1900,1000,0,4135,,f,,,813,,,f
1204,1900,1000,0,4135,,f,,,814,,,f
1205,8000,1000,0,4135,,f,,13711,815,,,t
1206,8000,1000,0,4135,,f,,13713,816,,,t
1207,8000,1000,0,4135,,f,,13715,817,,,t
1208,8000,1000,0,4135,,f,,13717,818,,,t
1209,1900,1000,0,4135,,f,,,819,,,f
1212,200,200,1,,,f,,13771,822,,,t
1214,500,300,0,,,f,,15998,824,,,t
1215,490,250,4,4363,,f,,14036,825,,,t
1217,800,500,4,,,f,,,827,,,t
1218,900,510,4,,,f,,14178,828,,,t
1220,400,300,1,,,f,,14174,830,,,t
1221,0,200,0,4059,,f,,,831,,,t
1222,0,200,0,4059,,f,,,832,,,t
1223,0,200,0,4059,,f,,,833,,,t
1224,200,190,0,,,f,,13804,834,,,t
1225,0,200,0,4059,,f,,,835,,,t
1226,0,200,0,4059,,f,,,836,,,t
1227,0,200,0,4059,,f,,,837,,,t
1229,5000,1000,0,4199,,f,,13820,839,,,t
1230,980,500,4,,,f,,,840,,,t
1231,1900,1000,0,4135,,f,,13719,841,,,t
1232,1900,1000,0,4135,,f,,13725,842,,,t
1233,1900,1000,0,4135,,f,,13741,843,,,t
1234,1900,1000,0,4135,,f,,13834,844,,,t
1235,1200,1000,4,,,f,,,845,,,t
1237,200,190,4,,,f,,13855,847,,,t
1238,1800,500,4,4224,,f,,13854,848,,,t
1240,1000,800,4,,,f,,,850,,,t
1241,590,300,4,,,f,,13869,851,,,t
1242,1000,800,4,,,f,,-1,852,,,t
1244,120000,1000,4,4244,,f,,,854,,,t
1246,1000,800,4,,,f,,,856,,,t
1247,14500,600,0,4270,,f,,1391,857,,,t
1248,10000,0,4,4273,235,f,,-1,858,,,t
1251,10000,600,0,4279,,f,,11380,861,,,t
1252,0,0,0,,98,f,,-1,862,,,t
1253,2100,700,4,4300,,f,,13918,863,,,t
1254,200,190,4,4300,,f,,13919,864,,,t
1255,120000,0,0,,,f,,13922,865,,,t
1256,60000,0,0,4426,175,f,,13927,866,,,t
1257,1000,0,0,4426,104,f,,13928,867,,,t
1259,0,1000,1,4398,343,f,,-1,869,,,t
1262,1000,500,0,,,f,,13979,872,,,t
1264,900,500,0,4338,,f,,13994,874,,,t
1266,200,190,0,4351,,f,,14013,876,,,t
1267,200,190,0,4351,,f,,14015,877,,,t
1270,10000,2000,0,4357,,f,,9438,880,,,t
1271,0,1000,0,4362,,f,,-1,881,,,t
1274,500,400,4,,,f,,14038,884,,,t
1275,1500,500,4,2778,,f,,14040,885,,,t
1276,4320000,5000,0,,,f,,-1,886,,,t
1278,4320000,5000,0,,,f,,-1,888,,,t
1279,500,400,4,,,f,,,889,,,t
1280,1900,1000,0,4135,,f,,14068,890,,,t
1281,1900,1000,0,4135,,f,,14078,891,,,t
1283,43200000,10000,0,,,f,,-1,893,,,t
1285,43200000,10000,0,,,f,,-1,895,,,t
1287,2000,0,0,,285,f,,15993,897,,,t
1288,43200000,10000,0,,,f,,-1,898,,,t
1293,2000,0,0,,340,f,,9512,903,,,t
1294,60000,10000,0,4426,122,f,,14143,904,,,t
1295,100,90,0,3999,,f,,14142,905,,,t
1296,100,90,0,3999,,f,,14146,906,,,t
1297,100,90,0,3999,,f,,14149,907,,,t
1298,300,200,4,,,f,,14158,908,,,t
1299,4000,500,4,4432,,f,,,909,,,t
1302,43200000,10000,0,,,f,,-1,912,,,t
1304,500,300,4,,,f,,14169,914,,,t
1305,6900,0,0,4204,,f,,13837,915,,,t
1307,1000,0,0,,292,f,,16005,917,,,t
1308,3000,100,1,,,f,,-1,918,,,t
1309,1000,300,4,,,f,,,919,,,f
1312,0,1000,0,,,f,,,922,,,t
1313,0,100,0,4465,,f,,,923,,,t
1314,0,0,0,4465,,f,,-1,924,,,t
1315,0,5000,0,4475,,f,,,925,,,t
1316,1000,600,0,,,f,,-1,926,,,t
1317,2000,0,0,,194,f,,14368,927,,,t
1318,0,1000,0,4483,,f,,,928,,,t
1319,43200000,10000,0,,,f,,-1,929,,,t
1321,43200000,10000,0,,,f,,-1,931,,,t
1323,2000,0,0,,194,f,,14370,933,,,t
1324,0,1000,0,4483,,f,,,934,,,t
1325,0,1000,0,4483,,f,,,935,,,t
1326,0,1000,0,4483,,f,,,936,,,t
1327,0,1000,0,4483,,f,,,937,,,t
1328,0,1000,0,4483,,f,,,938,,,t
1329,0,5000,0,4494,,f,,,939,,,t
1330,1000,500,4,,259,f,,14392,940,,,t
1331,60000,1000,0,,269,f,,14394,941,,,t
1332,1000,500,0,,,f,1115,-1,942,,,f
1334,100,90,0,3999,,f,,14642,944,,,t
1335,1000,0,0,,330,f,,14400,945,,,t
1336,100,90,0,3999,,f,,14648,946,,,t
1337,0,0,0,,334,f,,-1,947,,,t
1338,0,0,0,,332,f,,-1,948,,,t
1339,0,0,0,,333,f,,-1,949,,,t
1340,0,0,0,,331,f,,-1,950,,,t
1341,0,0,0,,331,f,,-1,951,,,t
1342,0,0,0,4527,,f,,-1,952,,,f
1343,0,0,0,,109,f,,-1,953,,,t
1344,2000,0,0,,292,f,,15999,954,,,t
1345,10000,300,4,4553,206,f,,-1,955,,,t
1350,0,0,0,,331,f,,-1,960,,,t
1351,0,0,0,,332,f,,-1,961,,,t
1352,0,0,0,,333,f,,-1,962,,,t
1353,0,0,0,,334,f,,-1,963,,,t
1354,43200000,10000,0,,,f,,-1,964,,,t
1356,43200000,10000,0,,,f,,-1,966,,,t
1357,0,0,0,,101,f,,-1,967,,,t
1358,0,5000,0,,,f,,-1,968,,,t
1359,0,5000,0,,,f,,-1,969,,,t
1360,0,0,0,,351,f,,-1,970,,,t
1361,1000,600,0,,204,f,,14844,971,,,t
1362,3000,1600,0,,,f,,14816,972,,,t
1363,3000,1600,0,,,f,,14852,973,,,t
1364,3000,1600,0,,,f,,14855,974,,,t
1366,2000,0,0,,341,f,,5942,976,,,t
1369,200,190,4,,,f,,14894,979,,,f
1370,400,300,4,,,f,,,980,,,t
1371,3000,0,0,,48,f,,14914,981,,,t
1373,0,0,0,,50,f,,12805,983,,,t
1374,5000,0,0,,83,f,,,984,,,t
1376,0,0,0,,262,f,,,986,,,f
1377,0,0,0,,262,f,,,987,,,f
1378,0,0,0,,262,f,,,988,,,f
1380,20000,1000,0,,175,f,,15042,990,,,t
1382,0,0,0,,262,f,,,992,,,f
1383,0,1000,0,4341,,f,,-1,993,,,t
1384,0,1000,0,4683,,f,,,994,,,t
1385,0,0,0,,262,f,,15057,995,,,t
1386,5000,0,0,,262,f,,15058,996,,,t
1387,5000,0,0,,262,f,,12815,997,,,t
1389,0,1000,0,,,f,,-1,999,,,t
1390,0,10000,0,,,f,,-1,1000,,,t
1392,0,30000,0,,,f,,-1,1002,,,t
1393,0,1000,0,4483,,f,,-1,1003,,,t
1394,0,1000,0,4483,,f,,-1,1004,,,t
1395,0,1000,0,4483,,f,,-1,1005,,,t
1396,200,190,4,,,f,,16644,1006,,,t
1397,0,1000,0,4483,,f,,-1,1007,,,t
1398,28000,0,0,,123,f,,7227,1008,,,t
1399,0,1000,0,4362,,f,,-1,1009,,,t
1400,0,1000,0,4683,,f,,-1,1010,,,t
1401,0,0,0,,59,f,,,1011,,,t
1402,3000,0,0,,168,f,70,15203,1012,,,t
1403,3000,0,0,,168,f,70,15204,1013,,,t
1404,2000,0,0,,168,f,70,15205,1014,,,t
1405,2000,0,0,,59,f,,8631,1015,,,t
1406,2000,0,0,2438,,f,,15242,1016,,,t
1408,0,0,0,,311,f,,,1018,,,t
1409,3000,0,0,,340,f,,15246,1019,,,t
1410,3000,0,0,,343,f,,15266,1020,,,t
1411,1000,0,0,,290,f,,15271,1021,,,t
1412,3000,0,0,,59,f,,,1022,,,t
1413,0,0,1,4764,,f,,-1,1023,,,f
1414,0,0,1,4764,,f,,-1,1024,,,f
1415,200,190,4,,,f,,15288,1025,,,t
1416,0,0,0,4791,,f,,-1,1026,,,t
1417,0,0,0,4791,,f,,-1,1027,,,t
1419,0,0,0,4791,,f,,,1029,,,t
1420,0,0,0,4791,,f,,,1030,,,t
1423,0,0,0,4797,,f,,,1033,,,t
1424,0,0,0,4791,,f,,-1,1034,,,t
1425,0,0,0,4791,,f,,-1,1035,,,t
1427,0,0,0,4791,,f,,,1037,,,t
1428,400,300,4,,,f,,,1038,,,t
1429,0,0,0,4791,,f,,-1,1039,,,t
1430,5000,0,0,,122,f,,15388,1040,,,t
1431,3000,0,0,,194,f,,15385,1041,,,t
1432,30000,0,0,,168,f,,15391,1042,,,t
1433,30000,0,0,,109,f,,15391,1043,,,t
1434,0,0,5,4828,,f,,-1,1044,,,t
1435,0,0,5,4828,,f,,-1,1045,,,t
1436,0,0,5,4828,,f,,-1,1046,,,t
1437,0,0,0,4828,,f,,-1,1047,,,t
1438,980,500,4,,,f,,,1048,,,t
1439,10000,0,4,4846,354,f,,-1,1049,,,t
1441,0,0,1,4764,,f,,-1,1051,,,f
1442,0,0,1,4764,,f,,-1,1052,,,f
1444,10000,0,1,4847,,f,,-1,1054,,,t
1445,0,0,0,,46,f,,,1055,,,f
1446,3000,0,0,,45,f,,15428,1056,,,f
1447,0,0,0,,46,f,,,1057,,,t
1448,3000,0,0,,45,f,,15433,1058,,,t
1449,0,0,0,,46,f,,,1059,,,t
1450,3000,0,0,,45,f,,15440,1060,,,t
1451,50000,500,0,4864,276,t,,15447,1061,805,,f
1452,500,300,0,,,f,,15447,1062,,,f
1455,0,100,0,4465,,f,,,1065,,,t
1456,600000,0,0,4879,157,f,,-1,1066,,,t
1459,5000,0,0,1361,70,f,,15617,1069,,,t
1460,5000,0,0,1361,70,f,,15641,1070,,,t
1462,0,0,0,4465,,f,,-1,1072,,,t
1464,2000,500,0,4910,126,f,,,1074,,,f
1465,2000,500,0,4913,,f,,,1075,,,f
1466,2000,500,0,4910,126,f,,,1076,,,f
1467,2000,500,0,4913,,f,700,,1077,,,f
1468,6000,3000,4,4958,,f,,15927,1078,,,f
1469,6000,3000,4,4958,,f,,15928,1079,,,f
1470,6000,3000,4,5170,,f,,15931,1080,,,f
1472,6000,3000,4,5170,,f,,15929,1082,,,f
1474,9000,1000,0,4943,,f,,15939,1084,,,f
1475,3000,0,0,,194,f,,9797,1085,,,t
1476,1000,0,0,,194,f,,10358,1086,,,t
1478,1000,0,0,,60,f,,10359,1088,,,t
1479,1000,500,0,,,f,,15978,1089,,,t
1480,2000,0,0,,92,f,,16112,2881,,,t
1481,0,0,0,4970,,f,,-1,2882,,,t
1482,0,0,0,4970,,f,,-1,2883,,,t
1483,0,0,0,4970,,f,,-1,2884,,,t
1484,60000,0,0,4973,,f,,16164,2885,,,f
1485,1000,0,0,,65,f,,16166,2893,,,t
1486,1000,0,0,,346,f,,16170,2895,,,t
1487,100,0,0,,243,f,,16092,2896,,,t
1488,480000,500,4,4864,,t,,16189,2897,805,,t
1489,480000,500,4,4864,,t,,16189,2898,805,,t
1490,480000,500,4,4864,275,t,,16189,2899,805,,t
1491,480000,500,4,4864,369,t,,16189,2900,805,,t
1492,480000,500,4,4864,126,f,,16189,2901,805,,t
1493,500,300,4,,366,f,,16189,2902,,,t
1495,105000,0,0,,358,f,,15419,2909,,,t
1496,50000,0,0,4973,,f,,-1,2914,,,f
1498,0,0,1,4923,,f,,-1,2917,975,,f
1499,0,0,1,4941,,f,,-1,2918,976,,f
1500,10000,0,0,,189,f,,16233,2919,,,t
1501,60000,0,0,,204,f,,16232,2920,,,t
1502,1000,500,0,4083,259,f,,16234,2921,,,t
1503,1000,0,0,,65,f,,16255,2934,,,t
1504,5000,0,0,,194,f,,16258,2935,,,t
1505,500,0,0,,296,f,,16250,2938,,,t
1506,2000,1000,0,,351,f,,16249,2940,,,t
1507,1000,1000,0,,64,f,,16292,2945,,,t
1509,1000,0,0,,259,f,,16322,2958,,,t
1511,500,300,4,,,f,,-1,2964,,,t
1512,0,0,0,5993,,f,,-1,2967,,,t
1513,0,0,0,4791,,f,,-1,2968,,,t
1514,0,0,0,4791,,f,,-1,2969,,,t
1515,1500,500,4,5056,,f,,16390,2975,,,t
1517,10000,0,4,5066,206,f,,-1,2986,,,t
1518,3000,0,4,5048,,f,,16329,3004,,,t
1519,2000,300,0,,61,f,,16419,3009,,,t
1520,10000,0,1,5076,,f,,16424,3013,1016,,t
1522,0,0,0,,126,f,,16265,3058,,,t
1523,60000,0,4,5138,,f,,16466,3059,,,f
1524,4000,500,4,5156,,f,,16497,3061,,,t
1525,5000,0,0,,296,f,,16512,3067,,,f
1526,3000,500,4,,58,f,,-1,3073,,,t
1527,1000,500,4,,375,f,,-1,3074,,,t
1528,500,300,0,,259,f,,16523,3075,,,t
1529,5000,500,4,5185,,f,,16534,3077,,,f
1530,0,0,0,5195,109,f,,-1,3090,,,t
1531,60000,1000,4,5212,369,t,,-1,3095,,,t
1532,3000,0,0,,58,f,,16567,3098,,,t
1533,5000,0,0,,109,f,,16570,3099,,,t
1534,5000,0,0,,72,f,,16565,3100,,,t
1535,0,0,1,5256,,f,,-1,3104,,,f
1537,2100,700,4,5328,,f,,16584,3144,,,f
1538,200,190,4,5328,,f,,16585,3145,,,f
1539,1000,100,0,,379,f,1316,16591,3158,,,t
1540,1800,500,4,5343,,f,,16599,3167,,,t
1541,200,190,4,,,f,,16600,3168,,,t
1542,200,190,4,,,f,,16605,3173,,,f
1543,6900,0,0,5358,,f,,16612,3185,,,t
1545,200,190,4,,,f,,16643,3242,,,t
1546,1000,0,0,,194,f,,16648,3244,,,t
1547,3500,500,4,5185,,f,,16656,3249,,,t
1548,4000,300,0,,61,f,,16658,3251,,,t
1551,2500,500,4,5479,,f,,16669,3381,,,t
1552,200,190,4,,,f,,16670,3382,,,t
1553,200,190,4,,,f,,16695,3407,,,t
1554,200,190,4,,,f,,16700,3436,,,t
1555,2500,500,4,5522,,f,,16699,3437,,,t
1556,2000,0,0,5322,346,f,,16623,3439,,1014,t
1557,0,0,4,5529,,f,,-1,3444,,,f
1558,3000,0,4,5545,,f,,16724,3453,,,t
1559,1000,500,0,,,f,,16726,3456,,,t
1560,0,0,0,5555,,f,,-1,3460,,,t
1561,200,190,0,5556,,f,,16751,3461,,,t
1563,2000,0,0,,50,f,,16773,3469,,,f
1565,2000,0,0,,109,f,,16769,3479,,,f
1566,1000,500,0,,,f,,16798,3481,,,t
1567,0,0,0,5993,,f,,-1,3482,,,t
1568,0,0,0,5555,,f,,-1,3483,,,t
1570,0,0,0,5555,,f,,-1,3485,,,t
1571,90000,0,0,,204,f,,16722,3508,,,t
1572,70000,0,0,,204,f,,16722,3509,,,t
1573,5000,0,0,1361,70,f,,16887,3510,,,t
1574,6000,0,4,5655,48,f,,16910,3511,,,t
1575,300000,500,4,5674,369,t,,16938,3516,,,t
1576,500,300,4,,366,f,,16938,3517,,,t
1578,15000,0,0,,98,f,,16940,3525,,,t
1579,5000,1000,4,5711,,f,,16987,3530,,,f
1581,120,100,4,,,f,,17007,3540,,,f
1583,5000,1000,0,,370,f,,17039,3548,,,t
1585,0,0,0,,109,f,,-1,3550,,,t
1586,0,0,0,,109,f,,-1,3552,,,t
1587,10000,0,4,5737,,f,,17083,3554,,,t
1588,120,100,4,,,f,,17083,3555,,,t
1589,8000,0,4,5117,,f,,-1,3566,,,t
1590,0,0,0,,109,f,,-1,3567,,,t
1591,1000,500,0,,351,f,,16294,3569,,,t
1595,2000,500,4,,,f,,-1,3578,,,t
1596,0,0,0,5746,,f,,,3582,,,t
1597,0,0,0,5767,,f,,-1,3583,,,t
1598,0,0,0,,329,f,,-1,3584,,,t
1599,0,0,0,,329,f,,-1,3585,,,t
1600,0,0,0,,329,f,,-1,3586,,,t
1601,0,0,0,5767,,f,,-1,3593,,,t
1602,0,0,0,,,f,,-1,3594,,,t
1603,0,0,0,5767,,f,,-1,3595,,,t
1604,0,0,0,5767,,f,,-1,3596,,,t
1605,0,0,0,5767,,f,,-1,3597,,,t
1606,0,0,0,5767,,f,,-1,3598,,,t
1607,1000,0,0,,109,f,,17229,3599,,,t
1608,0,0,0,5767,,f,,-1,3607,,,t
1609,0,0,0,5767,,f,,-1,3608,,,t
1610,0,0,0,5767,,f,,-1,3609,,,t
1611,0,0,0,5767,,f,,-1,3610,,,t
1612,0,0,0,5767,,f,,-1,3611,,,t
1613,0,0,0,5767,,f,,-1,3612,,,t
1614,0,0,0,5767,,f,,-1,3613,,,t
1615,3000,0,0,,109,f,,17347,3614,,,t
1617,0,0,0,,109,f,,-1,3617,,,t
1626,0,0,0,5842,,f,,-1,3666,,,t
1627,1800000,0,0,5851,,f,,17440,3672,,,t
1628,15000,0,0,5851,,f,,17444,3673,,,t
1629,35000,0,0,5851,,f,,17446,3674,,,t
1630,45000,0,0,5851,,f,,17455,3677,,,t
1631,180000,0,0,5851,,f,,17440,3678,,,t
1632,60000,0,0,,,f,,17458,3679,,,t
1633,180000,0,0,5851,,f,,17454,3680,,,t
1634,1800000,0,0,5851,,f,,17454,3681,,,t
1635,1800000,0,0,5851,,f,,17454,3682,,,t
1636,1800000,0,0,5851,,f,,17454,3683,,,t
1637,1800000,0,0,5851,,f,,17454,3684,,,t
1638,1800000,0,0,5851,,f,,17454,3685,,,t
1639,120000,0,0,5851,,f,,17454,3686,,,t
1641,300000,0,0,5851,,f,,17440,3688,,,t
1642,60000,0,0,5851,,f,,17462,3689,,,t
1643,1800000,0,0,5851,,f,,17440,3690,,,t
1645,10000,1000,4,,394,f,,17471,3692,,,f
1646,3000,1000,4,,394,f,,17475,3693,,,f
1647,1000,0,0,,122,f,,17480,3696,,,t
1648,180000,0,0,5851,,f,,17440,3700,,,t
1649,1800000,0,0,5851,,f,,17440,3701,,,t
1650,200,190,4,,,f,,17740,3702,,,f
1651,0,0,0,5896,,f,,,3708,,,t
1653,1000,600,0,,346,f,,17520,3721,,,t
1654,60000,0,0,5851,,f,,17523,3725,,,t
1655,300000,0,0,5851,,f,,17440,3726,,,t
1659,300000,0,0,5851,,f,,17440,3739,,,t
1660,300000,0,0,5851,,f,,17440,3740,,,t
1662,1000,600,0,,346,f,,17533,3742,,,t
1666,1800000,0,3,5925,276,f,,-1,3746,,,t
1675,0,0,5,4828,,f,,-1,3790,,,f
1676,4000,1000,4,4946,,f,,-1,3793,,,f
1677,1000,0,0,,259,f,,17604,3798,,,f
1678,90000,0,4,5971,,f,,17665,3813,,1199,f
1679,0,0,4,5968,151,f,,-1,3814,,,f
1680,90000,0,4,5971,,f,,17680,3815,,,f
1681,0,0,0,5968,,f,,-1,3816,,,f
1682,10000,0,0,5980,,f,,17689,3821,1147,,f
1683,10000,0,0,5974,,f,,17691,3822,1147,,f
1684,10000,0,0,5975,,f,,17695,3823,1147,,f
1685,10000,0,0,5976,,f,,17698,3824,1147,,f
1686,10000,0,0,5977,,f,,17701,3825,1147,,f
1687,10000,0,0,5978,,f,,17704,3826,1147,,f
1688,10000,0,0,5979,,f,,17707,3827,1147,,f
1689,3000,0,0,5982,,f,,17708,3834,,,f
1690,0,0,0,5555,,f,,-1,3835,,,f
1691,120,100,4,,,f,,17725,3838,,,t
1692,120,100,4,,,f,,17728,3839,,,t
1694,4000,0,4,5838,,f,,17461,3841,,,f
1695,4000,0,4,5838,,f,,17741,3842,,,f
1696,200,190,4,,,f,,17742,3843,,,f
1697,4000,0,4,5838,,f,,17743,3844,,,f
1698,200,190,4,,,f,,-1,3845,,,f
1699,5000,1000,0,,1,f,,17761,3854,,,f
1700,4000,500,0,,291,f,,17760,3855,,,f
1703,100,101,4,,396,f,,17788,3917,,,f
1704,3000,0,4,6042,402,f,,17795,3927,,,f
1705,100,101,4,,396,f,,17796,3928,,,f
1706,1500,0,0,,73,f,,16576,3931,,,f
1707,2000,500,4,,375,f,,-1,3934,,,t
1708,10000,0,0,6100,,f,,17886,3960,1147,,f
1709,10000,0,0,6101,,f,,17896,3961,1147,,f
1710,10000,0,0,6102,,f,,17906,3962,1147,,f
1711,10000,0,0,6103,,f,,17916,3963,1147,,f
1712,10000,0,0,6104,,f,,17926,3964,1147,,f
1713,10000,0,0,6105,,f,,17936,3965,1147,,f
1714,10000,0,0,6106,,f,,17946,3966,1147,,f
1715,3000,0,4,6042,402,f,,17783,3967,,,f
1716,3000,500,4,6057,405,f,,-1,3969,,810,t
1717,10000,0,0,6092,,f,,17975,3982,1147,,f
1718,10000,0,0,,,f,,,3983,,,f
1719,10000,0,0,6095,,f,,17995,3984,1147,,f
1720,10000,0,0,6096,,f,,18007,3985,1147,,f
1722,10000,0,0,6097,,f,,18016,3990,1147,,f
1723,10000,0,0,6098,,f,,18027,3991,1147,,f
1724,0,0,0,,,f,,,3993,,,f
1726,1000,600,0,,346,f,,18083,3997,,,f
1734,3000,0,4,6042,402,f,,18135,4005,,,f
1735,120,100,4,,396,f,,18136,4006,,,f
1736,0,0,0,2221,,f,,18175,4007,656,,t
1738,0,0,0,6079,,f,,-1,4009,,656,t
1740,0,0,0,6128,32,f,,-1,4011,,1175,f
1741,0,0,0,6079,,f,,-1,4018,,656,t
1742,0,0,4,5529,,f,,-1,4026,,,f
1745,3000,1000,0,,70,f,,18274,4029,,,f
1746,3000,0,0,6020,273,f,,18276,4031,,,f
1747,3000,1000,4,,,f,,,4032,,,f
1748,4000,0,0,6020,179,f,,18277,4033,,,f
1749,4000,1000,4,,,f,,,4034,,,f
1750,13000,0,0,6020,97,f,,18278,4035,,,f
1751,13000,1000,4,,,f,,,4036,,,f
1752,3000,500,0,,45,f,,18281,4039,,,f
1753,30000,0,0,,72,f,,17563,4041,,,f
1754,8000,1000,4,6172,,f,,-1,4042,,,f
1755,200,190,4,6166,,f,,-1,4043,,,f
1756,10000,0,0,6211,202,f,,18301,4054,,,f
1757,500,0,4,6212,,f,,18407,4055,,1197,f
1758,20000,5000,0,,,f,1513,18284,4066,,,f
1759,0,0,0,2149,,f,,-1,4070,,,f
1761,120,100,4,,,f,,18339,4077,,,f
1762,4000,0,0,,,f,1545,17531,4079,,,f
1763,6000,0,0,,,f,1545,17535,4080,,,f
1764,1500,0,4,,74,f,,17394,4081,,,f
1765,3000,0,0,,74,f,,17544,4082,,,f
1766,500,400,0,,,f,,15353,4083,,,f
1767,500,400,0,,,f,,17393,4084,,,f
1768,500,400,0,,,f,,17543,4085,,,f
1770,40000,0,0,,,f,1023,17949,4107,,,f
1772,2000,0,0,,58,f,,18409,4130,,,f
1774,3000,0,0,6306,,f,,17111,4132,1226,,f
1775,3000,0,0,6307,,f,,17176,4133,1227,,f
1780,5000,1000,0,,391,f,,18450,4154,,,f
1782,0,0,5,4828,,f,,-1,4161,,,t
1783,1000,500,0,,,f,,-1,4164,,,f
1784,0,0,0,6350,,f,,-1,4171,,,f
1786,0,0,0,5895,,f,,-1,4177,1240,,f
1787,500,0,0,5895,,f,,17491,4178,1240,,f
1788,3000,0,0,5895,,f,,17492,4179,1240,,f
1789,500,0,0,5895,,f,,17493,4180,1240,,f
1790,1000,0,0,5895,,f,,17494,4181,1240,,f
1791,0,0,0,5895,,f,,-1,4182,1241,,f
1792,0,0,0,5895,,f,,-1,4183,1242,,f
1793,500,400,0,,,f,,18502,4186,,,f
1794,150,0,0,,73,f,,18503,4187,,,f
1795,500,400,0,,,f,,18506,4188,,,f
1796,1500,0,4,,,f,,18507,4189,,,f
1797,500,400,0,,,f,,18511,4190,,,f
1798,3000,0,0,,74,f,,18512,4191,,,f
1799,1000,0,0,,292,f,,18467,4196,,,f
1800,100,0,0,,292,f,,18466,4197,,,f
1801,2000,0,0,,292,f,,18637,4198,,,f
1803,0,0,0,6403,,f,,-1,4213,,1249,f
1805,7000,0,1,6351,,f,,18677,4218,,,f
1806,7000,0,1,6351,,f,,18679,4219,,,f
1808,4500,500,4,6411,,f,,18700,4227,,,f
1809,4500,500,4,6411,,f,,18700,4228,,,f
1810,4500,500,4,6411,,f,,18700,4229,,,f
1811,4500,500,4,6411,,f,,18700,4230,,,f
1812,30000,1000,4,,,f,,18707,4240,,,f
1813,22000,0,0,6465,109,f,,18714,4267,,,f
1814,500,600,4,,,f,,18736,4270,,,t
1816,5000,0,0,6470,402,f,,18745,4289,,,f
1817,5000,0,0,6479,402,f,,18745,4290,,,f
1818,6000,0,0,6480,402,f,,18745,4291,,,f
1819,100,101,4,,396,f,,18746,4292,,,f
1821,5000,0,1,6489,,f,,18752,4321,,,f
1822,0,0,0,6495,,f,,-1,4349,,,f
1823,500,0,0,,,f,,18768,4350,,,f
1825,2000,0,0,,292,f,,18787,4368,,,f
1826,3600000,10000,0,,262,f,,2430,4392,,,f
1827,2000,0,0,,292,f,,18804,4402,,,f
1828,5000,0,0,6470,402,f,,18847,4414,,,f
1829,100,101,4,,396,f,,18848,4415,,,f
1830,0,0,0,,50,f,,,4416,,,f
1831,5000,0,0,6470,402,f,,18856,4417,,,f
1832,100,101,4,,396,f,,18857,4418,,,f
1833,5000,0,0,6470,402,f,,18865,4419,,,f
1834,100,101,4,,396,f,,18866,4420,,,f
1835,5000,0,0,,70,f,,18904,4426,,,f
1836,3000,0,0,,70,f,,18903,4427,,,f
1837,3000,0,0,,425,f,,18901,4428,,,f
1839,10000,0,0,6470,402,f,,18745,4460,,,f
1841,2000,300,0,,341,f,,9747,4500,,,f
1842,0,1000,0,,,f,,-1,4523,,,f
1846,5000,0,0,6631,,f,,19022,4527,1290,,f
1847,5000,0,0,6632,,f,,19019,4528,1290,,f
1849,0,0,0,,50,f,,,4554,,,f
1850,0,0,0,5767,,f,,-1,4564,,,t
1851,60000,0,0,6680,174,f,,19388,4569,,,f
1852,0,0,0,6680,,f,,-1,4612,,,f
1853,100,0,0,,243,f,,19173,4613,,,t
1854,1000,0,0,,302,f,,19229,4617,,,f
1855,3000,0,0,,301,f,,19230,4618,,,f
1856,0,0,1,6725,,f,,,4657,,,f
1857,5000,0,0,,433,f,,19287,4669,,,f
1858,200,190,4,,,f,,19325,4676,,,t
1859,0,0,0,6495,,f,,,4677,,,f
1860,1000,500,1,,,f,,19322,4688,,,f
1861,5000,0,0,6629,,f,,19357,4700,1290,,f
1862,5000,0,0,6630,,f,,19358,4701,1290,,f
1863,5000,0,0,6631,,f,,19359,4702,1290,,f
1864,5000,0,0,6632,,f,,19356,4703,1290,,f
1865,120,100,4,,,f,,19372,4714,,,f
1866,0,0,1,6771,,f,,,4715,1315,,f
1867,0,0,0,6773,,f,,-1,4716,1297,,f
1868,0,0,0,6629,,f,,-1,4718,1297,,f
1869,2000,0,0,,194,f,,19493,4720,,,f
1871,0,0,0,5767,,f,,-1,4722,,,f
1872,0,0,0,6629,,f,,-1,4723,1297,,f
1873,0,0,0,5767,,f,,-1,4724,,,f
1874,0,0,0,5767,,f,,-1,4725,,,f
1875,0,0,0,5767,,f,,-1,4726,,,f
1877,200000,20000,0,,,f,,19592,4741,,,f
1878,200000,20000,0,,,f,,19592,4742,,,t
1879,200000,20000,0,,,f,,19592,4743,,,t
1884,30000,0,1,6851,85,f,,-1,4758,,,t
1886,30000,0,4,6852,,f,,-1,4765,,,t
1887,200,190,4,,,f,,19627,4780,,,f
1889,5000,0,4,6887,,f,,19668,4803,,,f
1890,200,190,4,,,f,,19670,4804,,,f
1891,3000,0,4,6887,,f,,19671,4806,,,f
1892,200,190,4,,,f,,19672,4807,,,f
1893,3000,0,4,6887,,f,,19673,4808,,,f
1894,200,190,4,,,f,,19674,4809,,,f
1895,5000,0,0,,202,f,,19679,4822,,,t
1896,0,0,0,6916,,f,,-1,4823,,,f
1897,0,0,0,6916,,f,,-1,4824,,,f
1898,0,0,0,6916,,f,,-1,4825,,,f
1899,0,0,0,6916,,f,,-1,4826,,,f
1900,0,0,0,4791,,f,,-1,4827,,,f
1903,6000,0,4,6925,210,f,,,4830,,,t
1904,1000,0,0,,406,f,,19742,4845,,,f
1905,0,1000,1,6945,,f,,,4846,,,f
1906,10000,0,1,6949,248,f,,-1,4849,,,t
1907,1000,0,0,,178,f,,19757,4869,,,f
1908,1000,0,0,,178,f,,19760,4870,,,f
1909,1000,0,0,,178,f,,19763,4871,,,f
1910,1000,0,0,,178,f,,19766,4872,,,f
1911,1000,0,0,,178,f,,19800,4873,,,f
1912,1000,0,0,,406,f,,19743,4879,,,f
1913,1000,0,0,,406,f,,19744,4880,,,f
1914,1000,0,0,,406,f,,19745,4882,,,f
1915,1000,0,0,,406,f,,19746,4885,,,f
1916,1000,0,0,,406,f,,19741,4890,,,f
1917,0,3000,0,,97,f,,-1,4927,,,f
1918,3000,0,0,,83,f,,19644,4933,,,f
1920,120,100,4,,,f,,19806,4936,,,f
1921,0,3000,0,,97,f,,-1,4939,,,f
1924,0,3000,0,,97,f,,-1,4943,,,f
1925,0,3000,0,,97,f,,-1,4945,,,f
1926,1000,0,0,,178,f,,19830,4947,,,f
1927,1000,0,0,,178,f,,19833,4948,,,f
1928,1000,0,0,,178,f,,19836,4949,,,f
1929,1000,0,0,,178,f,,19839,4950,,,f
1930,1000,0,0,,178,f,,19842,4951,,,f
1931,3000,0,0,,83,f,,19647,4952,,,f
1932,1000,0,0,,178,f,,19845,4953,,,f
1933,1000,0,0,,178,f,,19848,4954,,,f
1934,1000,0,0,,178,f,,19851,4955,,,f
1935,1000,0,0,,178,f,,19854,4956,,,f
1936,1000,0,0,,178,f,,19857,4957,,,f
1937,3000,0,0,,83,f,,19650,4958,,,f
1938,1000,0,0,,178,f,,19860,4959,,,f
1939,1000,0,0,,178,f,,19863,4960,,,f
1940,1000,0,0,,178,f,,19866,4961,,,f
1941,1000,0,0,,178,f,,19869,4962,,,f
1942,1000,0,0,,178,f,,19872,4963,,,f
1943,3000,0,0,,83,f,,19653,4964,,,f
1944,1000,0,0,,178,f,,19875,4965,,,f
1945,1000,0,0,,178,f,,19878,4966,,,f
1946,1000,0,0,,178,f,,19881,4967,,,f
1947,1000,0,0,,178,f,,19884,4968,,,f
1948,1000,0,0,,178,f,,19887,4969,,,f
1949,3000,0,0,,83,f,,19656,4970,,,f
1950,1000,0,0,,178,f,,19890,4971,,,f
1951,1000,0,0,,178,f,,19893,4972,,,f
1952,1000,0,0,,178,f,,19896,4973,,,f
1953,1000,0,0,,178,f,,19899,4974,,,f
1954,1000,0,0,,178,f,,19902,4975,,,f
1955,3000,0,0,,83,f,,19659,4976,,,f
1956,0,0,0,6495,,f,,,4978,,,f
1957,3000,0,0,6987,,f,,19919,4981,1339,,f
1958,200,190,4,,,f,,19925,4990,,,f
1959,3000,0,0,,168,f,,-1,4997,,,f
1960,8000,120,0,6971,,f,,17496,5018,,,f
1961,0,0,0,2149,,f,,-1,5022,,,f
1962,1000,0,0,,149,f,,19738,5035,,,f
1963,0,0,4,6991,,f,,-1,5036,,,f
1964,1000,0,0,,,f,1671,19997,5047,,,f
1965,20000,0,0,7009,31,f,,,5049,,,f
1967,3000,0,0,,,f,,,5057,,,f
1969,3000,0,0,,,f,,,5059,,,f
1970,3000,0,0,,,f,,,5060,,,f
1971,3000,0,0,7030,,f,,20025,5067,1353,,f
