id,item_id,craft_id
3,4183,2
4,4184,3
5,4185,4
6,4186,5
7,4187,6
8,4188,7
9,4189,8
10,4190,9
11,4191,10
12,4192,11
13,4193,12
14,4194,13
15,4195,14
16,4196,15
17,4197,16
18,4198,17
19,4199,18
20,4200,19
21,4201,20
22,4202,21
23,4203,22
24,4204,23
25,4205,24
26,4206,25
27,4207,26
28,4208,27
29,4209,28
30,4210,29
31,4211,30
32,4212,31
33,4213,32
34,4214,33
35,4215,34
36,4216,35
37,4217,36
38,4218,37
39,4219,38
40,4220,39
41,4221,40
42,4222,41
43,4223,42
44,4224,43
45,4225,44
46,4226,45
47,4227,46
48,4228,47
49,4229,48
50,4230,49
51,4231,50
52,4232,51
53,4233,52
54,4234,53
55,4235,54
56,4236,55
57,4237,56
58,4238,57
59,4239,58
60,4240,59
61,4241,60
62,4242,61
63,4243,62
64,4244,63
65,4245,64
66,4246,65
67,4247,66
68,4248,67
69,4249,68
70,4250,69
71,4251,70
72,4252,71
73,4253,72
74,4254,73
75,4255,74
76,4256,75
77,4257,76
78,4258,77
79,4259,78
80,4260,79
81,4261,80
82,4262,81
83,4263,82
84,4264,83
85,4265,84
86,4266,85
87,4267,86
88,4268,87
90,4270,89
92,4272,91
93,4273,92
94,4274,93
95,4275,94
96,4276,95
97,4277,96
98,4278,97
99,4279,98
100,4280,99
101,4281,100
102,4282,101
103,4283,102
104,4284,103
105,4285,104
106,4286,105
107,4287,106
108,4288,107
109,4289,108
110,4290,109
111,4291,110
112,4292,111
113,4293,112
114,4294,113
115,4295,114
116,4296,115
117,4297,116
118,4298,117
119,4299,118
120,4300,119
121,4301,120
122,4302,121
123,4303,122
124,4304,123
125,4305,124
126,4306,125
127,4307,126
128,4308,127
129,4309,128
130,4310,129
131,4311,130
132,4312,131
133,4313,132
134,4314,133
135,4315,134
136,4316,135
137,4317,136
138,4318,137
139,4319,138
140,4320,139
141,4321,140
142,4322,141
143,4323,142
144,4324,143
145,4325,144
146,4326,145
147,4327,146
148,4328,147
149,4329,148
150,4330,149
151,4331,150
152,4332,151
153,4333,152
154,4334,153
155,4335,154
156,4336,155
157,4337,156
158,4338,157
159,4339,158
160,4340,159
161,4341,160
162,4342,161
163,4343,162
164,4344,163
165,4345,164
166,4346,165
167,4347,166
168,4348,167
169,4349,168
170,4350,169
171,4351,170
172,4352,171
173,4353,172
174,4354,173
175,4355,174
176,4356,175
177,4357,176
178,4358,177
179,4359,178
180,4360,179
181,4361,180
182,4362,181
183,4363,182
184,4364,183
185,4365,184
186,4366,185
187,4367,186
188,4368,187
189,4369,188
190,4370,189
191,4371,190
192,4372,191
193,4373,192
194,4374,193
195,4375,194
196,4376,195
197,4377,196
198,4378,197
199,4379,198
200,4380,199
201,4381,200
202,4382,201
203,4383,202
204,4384,203
205,4385,204
206,4386,205
207,4387,206
208,4388,207
209,4389,208
210,4390,209
211,4391,210
212,4392,211
213,4393,212
214,4394,213
215,4395,214
216,4396,215
217,4397,216
218,4398,217
219,4399,218
220,4400,219
221,4401,220
222,4402,221
223,4403,222
224,4404,223
225,4405,224
226,4406,225
227,4407,226
228,4408,227
229,4409,228
230,4410,229
231,4411,230
232,4412,231
233,4413,232
234,4414,233
235,4415,234
236,4416,235
237,4180,236
238,4748,237
239,4750,238
240,4752,239
241,4753,240
242,4754,241
243,4755,242
244,4756,243
245,4757,244
246,4758,245
247,4759,246
248,4760,247
249,4761,248
250,4762,249
251,4763,250
252,4764,251
253,4765,252
254,4766,253
255,4767,254
256,4768,255
257,4769,256
258,4770,257
259,4771,258
260,4772,259
261,4773,260
262,4774,261
274,4913,262
275,4914,263
276,4915,264
277,4916,265
278,4917,266
279,4918,267
280,4919,268
281,4920,269
282,4921,270
283,4922,271
284,4923,272
285,4924,273
286,4926,274
287,4928,275
288,8563,275
289,8564,276
290,8582,277
291,8583,278
292,8584,279
293,8585,280
294,8586,281
295,8587,282
296,8588,283
297,8589,284
298,8590,285
299,8591,286
300,8592,287
301,8593,288
302,8594,289
303,8595,290
304,8596,291
305,8597,292
306,8598,293
307,8599,294
308,8600,295
309,8601,296
310,8602,297
311,8603,298
312,8604,299
313,8605,300
314,8606,301
315,8607,302
316,8608,303
317,8609,304
318,8610,305
319,8611,306
320,8612,307
321,8613,308
322,8614,309
323,8615,310
324,8616,311
325,8617,312
326,8618,313
327,8619,314
328,8620,315
329,8621,316
330,8622,317
331,8623,318
332,8624,319
333,8625,320
334,8626,321
335,8627,322
336,8628,323
337,8629,324
338,8630,325
339,8631,326
340,8632,327
341,8633,328
342,8634,329
343,8635,330
344,8636,331
345,8637,332
346,8638,333
347,8639,334
348,8640,335
349,8641,336
350,8642,337
351,8643,338
352,8644,339
353,8645,340
354,8646,341
355,8647,342
356,8648,343
357,8649,344
358,8650,345
359,8651,346
360,8652,347
361,8653,348
362,8654,349
363,8655,350
364,8656,351
365,8657,352
366,8658,353
367,8659,354
368,8660,355
369,8661,356
370,8662,357
371,8663,358
372,8664,359
373,8665,360
374,8666,361
375,8667,362
376,8668,363
377,8669,364
378,8670,365
379,8671,366
380,8672,367
381,8673,368
382,8674,369
383,8675,370
384,8676,371
385,8677,372
386,8678,373
387,8679,374
388,8680,375
389,8681,376
390,8682,377
391,8683,378
392,8684,379
393,8685,380
394,8686,381
395,8687,382
396,8688,383
397,8689,384
398,8690,385
399,8691,386
400,8692,387
401,8693,388
402,8694,389
403,8695,390
404,8696,391
405,8697,392
406,8698,393
407,8699,394
408,8700,395
409,8701,396
410,8702,397
411,8703,398
412,8704,399
413,8705,400
414,8706,401
415,8707,402
416,8708,403
417,8709,404
418,8710,405
419,8711,406
420,8712,407
421,8713,408
422,8714,409
423,8715,410
424,8716,411
425,8717,412
426,8718,413
427,8719,414
428,8720,415
429,8721,416
430,8722,417
431,8723,418
432,8724,419
433,8725,420
434,8726,421
435,8727,422
436,8728,423
437,8729,424
438,8730,425
439,8731,426
440,8732,427
441,8733,428
442,8734,429
443,8735,430
444,8736,431
445,8737,432
446,8738,433
447,8739,434
448,8740,435
449,8741,436
450,8742,437
451,8743,438
452,8744,439
453,8745,440
454,8746,441
455,8747,442
456,8748,443
457,8749,444
458,8750,445
459,8751,446
460,8752,447
461,8753,448
462,8754,449
463,8755,450
464,8756,451
465,8757,452
466,8758,453
467,8759,454
468,8760,455
469,8761,456
470,8762,457
471,8763,458
472,8764,459
473,8765,460
474,8766,461
475,8767,462
476,8768,463
477,8769,464
478,8770,465
479,8771,466
480,8772,467
481,8773,468
482,8774,469
483,8775,470
484,8776,471
485,8777,472
486,8778,473
487,8779,474
488,8780,475
489,8781,476
490,8782,477
491,8783,478
492,8784,479
493,8785,480
494,8786,481
495,8787,482
496,8788,483
497,8789,484
498,8790,485
499,8791,486
500,8792,487
501,8793,488
502,8794,489
503,8795,490
504,8796,491
505,8797,492
506,8798,493
507,8799,494
508,8800,495
509,8801,496
510,8802,497
511,8803,498
512,8804,499
513,8805,500
514,8806,501
515,8807,502
516,8808,503
517,8809,504
518,8810,505
519,8811,506
520,8812,507
521,8813,508
522,8814,509
523,8815,510
524,8816,511
525,8817,512
526,8818,513
527,8819,514
528,8820,515
529,8821,516
530,8822,517
531,8823,518
532,8824,519
533,8825,520
534,8826,521
535,8827,522
536,8828,523
537,8829,524
538,8830,525
539,8831,526
540,8832,527
541,8833,528
542,8834,529
543,8835,530
544,8836,531
545,8837,532
546,8838,533
547,8839,534
548,8840,535
549,8841,536
550,8842,537
551,8843,538
552,8844,539
553,8845,540
554,8846,541
555,8847,542
556,8848,543
557,8849,544
558,8850,545
559,8851,546
560,8852,547
561,8853,548
562,8854,549
563,8855,550
564,8856,551
565,8857,552
566,8858,553
567,8859,554
568,8860,555
569,8861,556
570,8862,557
571,8863,558
572,8864,559
573,8865,560
574,8866,561
575,8867,562
576,8868,563
577,8869,564
578,8870,565
579,8871,566
580,8872,567
581,8873,568
582,8874,569
583,8875,570
584,8876,571
585,8877,572
586,8878,573
587,8879,574
588,8880,575
589,8881,576
590,8882,577
591,8883,578
592,8884,579
593,8885,580
594,8886,581
595,8887,582
596,8888,583
597,8889,584
598,8890,585
599,8891,586
600,8892,587
601,8893,588
602,8894,589
603,8895,590
604,8896,591
605,8897,592
606,8898,593
607,8899,594
608,8900,595
609,8901,596
610,8902,597
611,8903,598
612,8904,599
613,8905,600
614,8906,601
615,8907,602
616,8908,603
617,8909,604
618,8910,605
619,8911,606
620,8912,607
621,8913,608
622,8914,609
623,8915,610
624,8916,611
625,8917,612
626,8918,613
627,8919,614
628,8920,615
629,8921,616
630,8922,617
631,8923,618
632,8924,619
633,8925,620
634,8926,621
635,8927,622
636,8928,623
637,8929,624
638,8930,625
639,8931,626
640,8932,627
641,8933,628
642,8934,629
643,8935,630
644,8936,631
645,8937,632
646,8938,633
647,8939,634
648,8940,635
649,8941,636
650,8942,637
651,8943,638
652,8944,639
653,8945,640
654,8946,641
655,8947,642
656,8948,643
657,8949,644
658,8950,645
659,8951,646
660,8952,647
661,8953,648
662,8954,649
663,8955,650
664,8956,651
665,8957,652
666,8958,653
667,8959,654
668,8960,655
669,8961,656
670,8962,657
671,8963,658
672,8964,659
673,8965,660
674,8966,661
675,8967,662
676,8968,663
677,8969,664
678,8970,665
679,8971,666
680,8972,667
681,8973,668
682,8974,669
683,8975,670
684,8976,671
685,8977,672
686,8978,673
687,8979,674
688,8980,675
689,8981,676
690,8982,677
691,8983,678
692,8984,679
693,8985,680
694,8986,681
695,8987,682
696,8988,683
697,8989,684
698,8990,685
699,8991,686
700,8992,687
701,8993,688
702,8994,689
703,8995,690
704,8996,691
705,8997,692
706,8998,693
707,8999,694
708,9000,695
709,9001,696
710,9002,697
711,9003,698
712,9004,699
713,9005,700
714,9006,701
715,9007,702
716,9008,703
717,9009,704
718,9010,705
719,9011,706
720,9012,707
721,9013,708
722,9014,709
723,9015,710
724,9016,711
725,9017,712
726,9018,713
727,9019,714
728,9020,715
729,9021,716
730,9022,717
731,9023,718
732,9024,719
733,9025,720
734,9026,721
735,9027,722
736,9028,723
737,9029,724
738,9030,725
739,9031,726
740,9032,727
741,9033,728
742,9034,729
743,9035,730
744,9036,731
745,9037,732
746,9038,733
747,9039,734
748,9040,735
749,9041,736
750,9042,737
751,9043,738
752,9044,739
753,9045,740
754,9046,741
755,9047,742
756,9048,743
757,9049,744
758,9050,745
759,9051,746
760,9052,747
761,9053,748
762,9054,749
763,9055,750
764,9056,751
765,9057,752
766,9058,753
767,9059,754
768,9060,755
769,9061,756
770,9062,757
771,9063,758
772,9064,759
773,9065,760
774,9066,761
775,9067,762
776,9068,763
777,9069,764
778,9070,765
779,9071,766
780,9072,767
781,9073,768
782,9074,769
783,9075,770
784,9076,771
785,9077,772
786,9078,773
787,9079,774
788,9080,775
789,9081,776
790,9082,777
791,9083,778
792,9084,779
793,9085,780
794,9086,781
795,9087,782
796,9088,783
797,9089,784
798,9090,785
799,9091,786
800,9092,787
801,9093,788
802,9094,789
803,9095,790
804,9096,791
805,9097,792
806,9098,793
807,9099,794
808,9100,795
809,9101,796
810,9102,797
811,9103,798
812,9104,799
813,9105,800
814,9106,801
815,9107,802
816,9108,803
817,9109,804
818,9110,805
819,9111,806
820,9112,807
821,9113,808
822,9114,809
823,9115,810
824,9116,811
825,9117,812
826,9118,813
827,9119,814
828,9120,815
829,9121,816
830,9122,817
831,9123,818
832,9124,819
833,9125,820
834,9126,821
835,9127,822
836,9128,823
837,9129,824
838,9130,825
839,9131,826
840,9132,827
841,9133,828
842,9134,829
843,9135,830
844,9136,831
845,9137,832
846,9138,833
847,9139,834
848,9140,835
849,9141,836
850,9142,837
851,9143,838
852,9144,839
853,9145,840
854,9146,841
855,9147,842
856,9148,843
857,9149,844
858,9150,845
859,9151,846
860,9152,847
861,9153,848
862,9154,849
863,9155,850
864,9156,851
865,9157,852
866,9158,853
867,9159,854
868,9160,855
869,9161,856
870,9162,857
871,9163,858
872,9164,859
873,9165,860
874,9166,861
875,9167,862
876,9168,863
877,9169,864
878,9170,865
879,9171,866
880,9172,867
881,9173,868
882,9174,869
883,9175,870
884,9176,871
885,9177,872
886,9178,873
887,9179,874
888,9180,875
889,9181,876
890,9182,877
891,9183,878
892,9184,879
893,9185,880
894,9186,881
895,9187,882
896,9188,883
897,9189,884
898,9190,885
899,9191,886
900,9192,887
901,9193,888
902,9194,889
903,9195,890
904,9196,891
905,9197,892
906,9198,893
907,9199,894
908,9200,895
909,9201,896
910,9202,897
911,9203,898
912,9204,899
913,9205,900
914,9206,901
915,9207,902
916,9208,903
917,9209,904
918,9210,905
919,9211,906
920,9212,907
921,9213,908
922,9214,909
923,9215,910
924,9216,911
925,9217,912
926,9218,913
927,9219,914
928,9220,915
929,9221,916
930,9222,917
931,9223,918
932,9224,919
933,9225,920
934,9226,921
935,9227,922
936,9228,923
937,9229,924
938,9230,925
939,9231,926
940,9232,927
941,9233,928
942,9234,929
943,9235,930
944,9236,931
945,9237,932
946,9238,933
947,9239,934
948,9240,935
949,9241,936
950,9242,937
951,9243,938
952,9244,939
953,9245,940
954,9246,941
955,9247,942
956,9248,943
957,9249,944
958,9250,945
959,9251,946
960,9252,947
961,9253,948
962,9254,949
963,9255,950
964,9256,951
965,9257,952
966,9258,953
967,9259,954
968,9260,955
969,9261,956
970,9262,957
971,9263,958
972,9264,959
973,9265,960
974,9266,961
975,9267,962
976,9268,963
977,9269,964
978,9270,965
979,9271,966
980,9272,967
981,9273,968
982,9274,969
983,9275,970
984,9276,971
985,9277,972
986,9278,973
987,9279,974
988,9280,975
989,9281,976
990,9282,977
991,9283,978
992,9284,979
993,9285,980
994,9286,981
995,9287,982
996,9288,983
997,9289,984
998,9290,985
999,9291,986
1000,9292,987
1001,9293,988
1002,9294,989
1003,9295,990
1004,9296,991
1005,9297,992
1006,9298,993
1007,9299,994
1008,9300,995
1009,9301,996
1010,9302,997
1011,9303,998
1012,9304,999
1013,9305,1000
1014,9306,1001
1015,9307,1002
1016,9308,1003
1017,9309,1004
1018,9310,1005
1019,9311,1006
1020,9312,1007
1021,9313,1008
1022,9314,1009
1023,9315,1010
1024,9316,1011
1025,9317,1012
1026,9318,1013
1027,9319,1014
1028,9320,1015
1029,9321,1016
1030,9322,1017
1031,9323,1018
1032,9324,1019
1033,9325,1020
1034,9326,1021
1035,9327,1022
1036,9328,1023
1037,9329,1024
1038,9330,1025
1039,9331,1026
1040,9332,1027
1041,9333,1028
1042,9334,1029
1043,9335,1030
1044,9336,1031
1045,9337,1032
1046,9338,1033
1047,9339,1034
1048,9340,1035
1049,9341,1036
1050,9342,1037
1051,9343,1038
1052,9344,1039
1053,9345,1040
1054,9346,1041
1055,9347,1042
1056,9348,1043
1057,9349,1044
1058,9350,1045
1059,9351,1046
1060,9352,1047
1061,9353,1048
1062,9354,1049
1063,9355,1050
1064,9356,1051
1065,9357,1052
1066,9358,1053
1067,9359,1054
1068,9360,1055
1069,9361,1056
1070,9362,1057
1071,9363,1058
1072,9364,1059
1073,9365,1060
1074,9366,1061
1075,9367,1062
1076,9368,1063
1077,9369,1064
1078,9370,1065
1079,9371,1066
1080,9372,1067
1081,9373,1068
1082,9374,1069
1083,9375,1070
1084,9376,1071
1085,9377,1072
1086,9378,1073
1087,9379,1074
1088,9380,1075
1089,9381,1076
1090,9382,1077
1091,9383,1078
1092,9384,1079
1093,9385,1080
1094,9386,1081
1095,9387,1082
1096,9388,1083
1097,9389,1084
1098,9390,1085
1099,9391,1086
1100,9392,1087
1101,9393,1088
1102,9394,1089
1103,9395,1090
1104,9396,1091
1105,9397,1092
1106,9398,1093
1107,9399,1094
1108,9400,1095
1109,9401,1096
1110,9402,1097
1111,9403,1098
1112,9404,1099
1113,9405,1100
1114,9406,1101
1115,9407,1102
1116,9408,1103
1117,9409,1104
1118,9410,1105
1119,9411,1106
1120,9412,1107
1121,9413,1108
1122,9414,1109
1123,9415,1110
1124,9416,1111
1125,9417,1112
1126,9418,1113
1127,9419,1114
1128,9420,1115
1129,9421,1116
1130,9422,1117
1131,9423,1118
1132,9424,1119
1133,9425,1120
1134,9426,1121
1135,9427,1122
1136,9428,1123
1137,9429,1124
1138,9430,1125
1139,9431,1126
1140,9432,1127
1141,9433,1128
1142,9434,1129
1143,9435,1130
1144,9436,1131
1145,9437,1132
1146,9438,1133
1147,9439,1134
1148,9440,1135
1149,9441,1136
1150,9442,1137
1151,9443,1138
1152,9444,1139
1153,9445,1140
1154,9446,1141
1155,9447,1142
1156,9448,1143
1157,9449,1144
1158,9450,1145
1159,9451,1146
1160,9452,1147
1161,9453,1148
1162,9454,1149
1163,9455,1150
1164,9456,1151
1165,9457,1152
1166,9458,1153
1167,9459,1154
1168,9460,1155
1169,9461,1156
1170,9462,1157
1171,9463,1158
1172,9464,1159
1173,9465,1160
1174,9466,1161
1175,9467,1162
1176,9468,1163
1177,9469,1164
1178,9470,1165
1179,9471,1166
1180,9472,1167
1181,9473,1168
1182,9474,1169
1183,9475,1170
1184,9476,1171
1185,9477,1172
1186,9478,1173
1187,9479,1174
1188,9480,1175
1189,9481,1176
1190,9482,1177
1191,9483,1178
1192,9484,1179
1193,9485,1180
1194,9486,1181
1195,9487,1182
1196,9488,1183
1197,9489,1184
1198,9490,1185
1199,9491,1186
1200,9492,1187
1201,9493,1188
1202,9494,1189
1203,9495,1190
1204,9496,1191
1205,9497,1192
1206,9498,1193
1207,9499,1194
1208,9500,1195
1209,9501,1196
1210,9502,1197
1211,9503,1198
1212,9504,1199
1213,9505,1200
1214,9506,1201
1215,9507,1202
1216,9508,1203
1217,9509,1204
1218,9510,1205
1219,9511,1206
1220,9512,1207
1221,9513,1208
1222,9514,1209
1223,9515,1210
1224,9516,1211
1225,9517,1212
1226,9518,1213
1227,9519,1214
1228,9520,1215
1229,9521,1216
1230,9522,1217
1231,9523,1218
1232,9524,1219
1233,9525,1220
1234,9526,1221
1235,9527,1222
1236,9528,1223
1237,9529,1224
1238,9530,1225
1239,9531,1226
1240,9532,1227
1241,9533,1228
1242,9534,1229
1243,9535,1230
1244,9536,1231
1245,9537,1232
1246,9538,1233
1247,9539,1234
1248,9540,1235
1249,9541,1236
1250,9542,1237
1251,9543,1238
1252,9544,1239
1253,9545,1240
1254,9546,1241
1255,9547,1242
1256,9548,1243
1257,9549,1244
1258,9550,1245
1259,9551,1246
1260,9552,1247
1261,9553,1248
1262,9554,1249
1263,9555,1250
1264,9556,1251
1265,9557,1252
1266,9558,1253
1267,9559,1254
1268,9560,1255
1269,9561,1256
1270,9562,1257
1271,9563,1258
1272,9564,1259
1273,9565,1260
1274,9566,1261
1275,9567,1262
1276,9568,1263
1277,9569,1264
1278,9570,1265
1279,9571,1266
1280,9572,1267
1281,9573,1268
1282,9574,1269
1283,9575,1270
1284,9576,1271
1285,9577,1272
1286,9578,1273
1287,9579,1274
1288,9580,1275
1289,9581,1276
1290,9582,1277
1291,9583,1278
1292,9584,1279
1293,9585,1280
1294,9586,1281
1295,9587,1282
1296,9588,1283
1297,9589,1284
1298,9590,1285
1299,9591,1286
1300,9592,1287
1301,9593,1288
1302,9594,1289
1303,9595,1290
1304,9596,1291
1305,9597,1292
1306,9598,1293
1307,9599,1294
1308,9600,1295
1309,9601,1296
1310,9602,1297
1311,9603,1298
1312,9604,1299
1313,9605,1300
1314,9606,1301
1315,9607,1302
1316,9608,1303
1317,9609,1304
1318,9610,1305
1319,9611,1306
1320,9612,1307
1321,9613,1308
1322,9614,1309
1323,9615,1310
1324,9616,1311
1325,9617,1312
1326,9618,1313
1327,9619,1314
1328,9620,1315
1329,9621,1316
1330,9622,1317
1331,9623,1318
1332,9624,1319
1333,9625,1320
1334,9626,1321
1335,9627,1322
1336,9628,1323
1337,9629,1324
1338,9630,1325
1339,9631,1326
1340,9632,1327
1341,9633,1328
1342,9634,1329
1343,9635,1330
1344,9636,1331
1345,9637,1332
1346,9638,1333
1347,9639,1334
1348,9640,1335
1349,9641,1336
1350,9642,1337
1351,9643,1338
1352,9644,1339
1353,9645,1340
1354,9646,1341
1355,9647,1342
1356,9648,1343
1357,9649,1344
1358,9650,1345
1359,9651,1346
1360,9652,1347
1361,9653,1348
1362,9654,1349
1363,9655,1350
1364,9656,1351
1365,9657,1352
1366,9658,1353
1367,9659,1354
1368,9660,1355
1369,9661,1356
1370,9662,1357
1371,9663,1358
1372,9664,1359
1373,9665,1360
1374,9666,1361
1375,9667,1362
1376,9668,1363
1377,9669,1364
1378,9670,1365
1379,9671,1366
1380,9672,1367
1381,9673,1368
1382,9674,1369
1383,9675,1370
1384,9676,1371
1385,9677,1372
1386,9678,1373
1387,9679,1374
1388,9680,1375
1389,9681,1376
1390,9682,1377
1391,9683,1378
1392,9684,1379
1393,9685,1380
1394,9686,1381
1395,9687,1382
1396,9688,1383
1397,9689,1384
1398,9690,1385
1399,9691,1386
1400,9692,1387
1401,9693,1388
1402,9694,1389
1403,9695,1390
1404,9696,1391
1405,9697,1392
1406,9698,1393
1407,9699,1394
1408,9700,1395
1409,9701,1396
1410,9702,1397
1411,9703,1398
1412,9704,1399
1413,9705,1400
1414,9706,1401
1415,9707,1402
1416,9708,1403
1417,9709,1404
1418,9710,1405
1419,9711,1406
1420,9712,1407
1421,9713,1408
1422,9714,1409
1423,9715,1410
1424,9716,1411
1425,9717,1412
1426,9718,1413
1427,9719,1414
1428,9720,1415
1429,9721,1416
1430,9722,1417
1431,9723,1418
1432,9724,1419
1433,9725,1420
1434,9726,1421
1435,9727,1422
1436,9728,1423
1437,9729,1424
1438,9730,1425
1439,9731,1426
1440,9732,1427
1441,9733,1428
1442,9734,1429
1443,9735,1430
1444,9736,1431
1445,9737,1432
1446,9738,1433
1447,9739,1434
1448,9740,1435
1449,9741,1436
1450,9742,1437
1451,9743,1438
1452,9744,1439
1453,9745,1440
1454,9746,1441
1455,9747,1442
1456,9748,1443
1457,9749,1444
1458,9750,1445
1459,9751,1446
1460,9752,1447
1461,9753,1448
1462,9754,1449
1463,9755,1450
1464,9756,1451
1465,9757,1452
1466,9758,1453
1467,9759,1454
1468,9760,1455
1469,9761,1456
1470,9762,1457
1471,9763,1458
1472,9764,1459
1473,9765,1460
1474,9766,1461
1475,9767,1462
1476,9768,1463
1477,9769,1464
1478,9770,1465
1479,9771,1466
1480,9772,1467
1481,9773,1468
1482,9774,1469
1483,9775,1470
1484,9776,1471
1485,9777,1472
1486,9778,1473
1487,9779,1474
1488,9780,1475
1489,9781,1476
1490,9782,1477
1491,9783,1478
1492,9784,1479
1493,9785,1480
1494,9786,1481
1495,9787,1482
1496,9788,1483
1497,9789,1484
1498,9790,1485
1499,9791,1486
1500,9792,1487
1501,9793,1488
1502,9794,1489
1503,9795,1490
1504,9796,1491
1505,9797,1492
1506,9798,1493
1507,9799,1494
1508,9800,1495
1509,9801,1496
1510,9802,1497
1511,9803,1498
1512,9804,1499
1513,9805,1500
1514,9806,1501
1515,9807,1502
1516,9808,1503
1517,9809,1504
1518,9810,1505
1519,9811,1506
1520,9812,1507
1521,9813,1508
1522,9814,1509
1523,9815,1510
1524,9816,1511
1525,9817,1512
1526,9818,1513
1527,9819,1514
1528,9820,1515
1529,9821,1516
1530,9822,1517
1531,9823,1518
1532,9824,1519
1533,9825,1520
1534,9826,1521
1535,9827,1522
1536,9828,1523
1537,9829,1524
1538,9830,1525
1539,9831,1526
1540,9832,1527
1541,9833,1528
1542,9834,1529
1543,9835,1530
1544,9836,1531
1545,9837,1532
1546,9838,1533
1547,9839,1534
1548,9840,1535
1549,9841,1536
1550,9842,1537
1551,9843,1538
1552,9844,1539
1553,9845,1540
1554,9846,1541
1555,9847,1542
1556,9848,1543
1557,9849,1544
1558,9850,1545
1559,9851,1546
1560,9852,1547
1561,9853,1548
1562,9854,1549
1563,9855,1550
1564,9856,1551
1565,9857,1552
1566,9858,1553
1567,9859,1554
1568,9860,1555
1569,9861,1556
1570,9862,1557
1571,9863,1558
1572,9864,1559
1573,9865,1560
1574,9866,1561
1575,9867,1562
1576,9868,1563
1577,9869,1564
1578,9870,1565
1579,9871,1566
1580,9872,1567
1581,9873,1568
1582,9874,1569
1583,9875,1570
1584,9876,1571
1585,9877,1572
1586,9878,1573
1587,9879,1574
1588,9880,1575
1589,9881,1576
1590,9882,1577
1591,9883,1578
1592,9884,1579
1593,9885,1580
1594,9886,1581
1595,9887,1582
1596,9888,1583
1597,9889,1584
1598,9890,1585
1599,9891,1586
1600,9892,1587
1601,9893,1588
1602,9894,1589
1603,9895,1590
1604,9896,1591
1605,9897,1592
1606,9898,1593
1607,9899,1594
1608,9900,1595
1609,9901,1596
1610,9902,1597
1611,9903,1598
1612,9904,1599
1613,9905,1600
1614,9906,1601
1615,9907,1602
1616,9908,1603
1617,9909,1604
1618,9910,1605
1619,9911,1606
1620,9912,1607
1621,9913,1608
1622,9914,1609
1623,9915,1610
1624,9916,1611
1625,9917,1612
1626,9918,1613
1627,9919,1614
1628,9920,1615
1629,9921,1616
1630,9922,1617
1631,9923,1618
1632,9924,1619
1633,9925,1620
1634,9926,1621
1635,9927,1622
1636,9928,1623
1637,9929,1624
1638,9930,1625
1639,9931,1626
1640,9932,1627
1641,9933,1628
1642,9934,1629
1643,9935,1630
1644,9936,1631
1645,9937,1632
1646,9938,1633
1647,9939,1634
1648,9940,1635
1649,9941,1636
1650,9942,1637
1651,9943,1638
1652,9944,1639
1653,9945,1640
1654,9946,1641
1655,9947,1642
1656,9948,1643
1657,9949,1644
1658,9950,1645
1659,9951,1646
1660,9952,1647
1661,9953,1648
1662,9954,1649
1663,9955,1650
1664,9956,1651
1665,9957,1652
1666,9958,1653
1667,9959,1654
1668,9960,1655
1669,9961,1656
1670,9962,1657
1671,9963,1658
1672,9964,1659
1673,9965,1660
1674,9966,1661
1675,9967,1662
1676,9968,1663
1677,9969,1664
1678,9970,1665
1679,9971,1666
1680,9972,1667
1681,9973,1668
1682,9974,1669
1683,9975,1670
1684,9976,1671
1685,9977,1672
1686,9978,1673
1687,9979,1674
1688,9980,1675
1689,9981,1676
1690,9982,1677
1691,9983,1678
1692,9984,1679
1693,9985,1680
1694,9986,1681
1695,9987,1682
1696,9988,1683
1697,9989,1684
1698,9990,1685
1699,9991,1686
1700,9992,1687
1701,9993,1688
1702,9994,1689
1703,9995,1690
1704,9996,1691
1705,9997,1692
1706,9998,1693
1707,9999,1694
1708,10000,1695
1709,10001,1696
1710,10002,1697
1711,10003,1698
1712,10004,1699
1713,10005,1700
1714,10006,1701
1715,10007,1702
1716,10008,1703
1717,10009,1704
1718,10010,1705
1719,10011,1706
1720,10012,1707
1721,10013,1708
1722,10014,1709
1723,10015,1710
1724,10016,1711
1725,10017,1712
1726,10018,1713
1727,10019,1714
1728,10020,1715
1729,10021,1716
1730,10022,1717
1731,10023,1718
1732,10024,1719
1733,10025,1720
1734,10026,1721
1735,10027,1722
1736,10028,1723
1737,10029,1724
1738,10030,1725
1739,10031,1726
1740,10032,1727
1741,10033,1728
1742,10034,1729
1743,10035,1730
1744,10036,1731
1745,10037,1732
1746,10038,1733
1747,10039,1734
1748,10040,1735
1749,10041,1736
1750,10042,1737
1751,10043,1738
1752,10044,1739
1753,10045,1740
1754,10046,1741
1755,10047,1742
1756,10048,1743
1757,10049,1744
1758,10050,1745
1759,10051,1746
1760,10052,1747
1761,10053,1748
1762,10054,1749
1763,10055,1750
1764,10056,1751
1765,10057,1752
1766,10058,1753
1767,10059,1754
1768,10060,1755
1769,10061,1756
1770,10062,1757
1771,10063,1758
1772,10064,1759
1773,10065,1760
1774,10066,1761
1775,10067,1762
1776,10068,1763
1777,10069,1764
1778,10070,1765
1779,10071,1766
1780,10072,1767
1781,10073,1768
1782,10074,1769
1783,10075,1770
1784,10076,1771
1785,10077,1772
1786,10078,1773
1787,10079,1774
1788,10080,1775
1789,10081,1776
1790,10082,1777
1791,10083,1778
1792,10084,1779
1793,10085,1780
1794,10086,1781
1795,10087,1782
1796,10088,1783
1797,10089,1784
1798,10090,1785
1799,10091,1786
1800,10092,1787
1801,10093,1788
1802,10094,1789
1803,10095,1790
1804,10096,1791
1805,10097,1792
1806,10098,1793
1807,10099,1794
1808,10100,1795
1809,10101,1796
1810,10102,1797
1811,10103,1798
1812,10104,1799
1813,10105,1800
1814,10106,1801
1815,10107,1802
1816,10108,1803
1817,10109,1804
1818,10110,1805
1819,10111,1806
1820,10112,1807
1821,10113,1808
1822,10114,1809
1823,10115,1810
1824,10116,1811
1825,10117,1812
1826,10118,1813
1827,10119,1814
1828,10120,1815
1829,10121,1816
1830,10122,1817
1831,10123,1818
1832,10124,1819
1833,10125,1820
1834,10126,1821
1835,10127,1822
1836,10128,1823
1837,10129,1824
1838,10130,1825
1839,10131,1826
1840,10132,1827
1841,10133,1828
1842,10134,1829
1843,10135,1830
1844,10136,1831
1845,10137,1832
1846,10138,1833
1847,10139,1834
1848,10140,1835
1849,10141,1836
1850,10142,1837
1851,10143,1838
1852,10144,1839
1853,10145,1840
1854,10146,1841
1855,10147,1842
1856,10148,1843
1857,10149,1844
1858,10150,1845
1859,10151,1846
1860,10152,1847
1861,10153,1848
1862,10154,1849
1863,10155,1850
1864,10156,1851
1865,10157,1852
1866,10158,1853
1867,10159,1854
1868,10160,1855
1869,10161,1856
1870,10162,1857
1871,10163,1858
1872,10164,1859
1873,10165,1860
1874,10166,1861
1875,10167,1862
1876,10168,1863
1877,10169,1864
1878,10170,1865
1879,10171,1866
1880,10172,1867
1881,10173,1868
1882,10174,1869
1883,10175,1870
1884,10176,1871
1885,10177,1872
1886,10178,1873
1887,10179,1874
1888,10180,1875
1889,10181,1876
1890,10182,1877
1891,10183,1878
1892,10184,1879
1893,10185,1880
1894,10186,1881
1895,10187,1882
1896,10188,1883
1897,10189,1884
1898,10190,1885
1899,10191,1886
1900,10192,1887
1901,10193,1888
1902,10194,1889
1903,10195,1890
1904,10196,1891
1905,10197,1892
1906,10198,1893
1907,10199,1894
1908,10200,1895
1909,10201,1896
1910,10202,1897
1911,10203,1898
1912,10204,1899
1913,10205,1900
1914,10206,1901
1915,10207,1902
1916,10208,1903
1917,10209,1904
1918,10210,1905
1919,10211,1906
1920,10212,1907
1921,10213,1908
1922,10214,1909
1923,10215,1910
1924,10216,1911
1925,10217,1912
1926,10218,1913
1927,10219,1914
1928,10220,1915
1929,10221,1916
1930,10222,1917
1931,10223,1918
1932,10224,1919
1933,10225,1920
1934,10226,1921
1935,10227,1922
1936,10228,1923
1937,10229,1924
1938,10230,1925
1939,10231,1926
1940,10232,1927
1941,10233,1928
1942,10234,1929
1943,10235,1930
1944,10236,1931
1945,10237,1932
1946,10238,1933
1947,10239,1934
1948,10240,1935
1949,10241,1936
1950,10242,1937
1951,10243,1938
1952,10244,1939
1953,10245,1940
1954,10246,1941
1955,10247,1942
1956,10248,1943
1957,10249,1944
1958,10250,1945
1959,10251,1946
1960,10252,1947
1961,10253,1948
1962,10254,1949
1963,10255,1950
1964,10256,1951
1965,10257,1952
1966,10258,1953
1967,10259,1954
1968,10260,1955
1969,10261,1956
1970,10262,1957
1971,10263,1958
1972,10264,1959
1973,10265,1960
1974,10266,1961
1975,10267,1962
1976,10268,1963
1977,10269,1964
1978,10270,1965
1979,10271,1966
1980,10272,1967
1981,10273,1968
1982,10274,1969
1983,10275,1970
1984,10276,1971
1985,10277,1972
1986,10278,1973
1987,10279,1974
1988,10280,1975
1989,10281,1976
1990,10282,1977
1991,10283,1978
1992,10284,1979
1993,10285,1980
1994,10286,1981
1995,10287,1982
1996,10288,1983
1997,10289,1984
1998,10290,1985
1999,10291,1986
2000,10292,1987
2001,10293,1988
2002,10294,1989
2003,10295,1990
2004,10296,1991
2005,10297,1992
2006,10298,1993
2007,10299,1994
2008,10300,1995
2009,10301,1996
2010,10302,1997
2011,10303,1998
2012,10304,1999
2013,10305,2000
2014,10306,2001
2015,10307,2002
2016,10308,2003
2017,10309,2004
2018,10310,2005
2019,10311,2006
2020,10312,2007
2021,10313,2008
2022,10314,2009
2023,10315,2010
2024,10316,2011
2025,10317,2012
2026,10318,2013
2027,10319,2014
2028,10320,2015
2029,10321,2016
2030,10322,2017
2031,10323,2018
2032,10324,2019
2033,10325,2020
2034,10326,2021
2035,10327,2022
2036,10328,2023
2037,10329,2024
2038,10330,2025
2039,10331,2026
2040,10332,2027
2041,10333,2028
2042,10334,2029
2043,10335,2030
2044,10336,2031
2045,10337,2032
2046,10338,2033
2047,10339,2034
2048,10340,2035
2049,10341,2036
2050,10342,2037
2051,10343,2038
2052,10344,2039
2053,10345,2040
2054,10346,2041
2055,10347,2042
2056,10348,2043
2057,10349,2044
2058,10350,2045
2059,10351,2046
2060,10352,2047
2061,10353,2048
2062,10354,2049
2063,10355,2050
2064,10356,2051
2065,10357,2052
2066,10358,2053
2067,10359,2054
2068,10360,2055
2069,10361,2056
2070,10362,2057
2071,10363,2058
2072,10364,2059
2073,10365,2060
2074,10366,2061
2075,10367,2062
2076,10368,2063
2077,10369,2064
2078,10370,2065
2079,10371,2066
2080,10372,2067
2081,10373,2068
2082,10374,2069
2083,10375,2070
2084,10376,2071
2085,10377,2072
2086,10378,2073
2087,10379,2074
2088,10380,2075
2089,10381,2076
2090,10382,2077
2091,10383,2078
2092,10384,2079
2093,10385,2080
2094,10386,2081
2095,10387,2082
2096,10388,2083
2097,10389,2084
2098,10390,2085
2099,10391,2086
2100,10392,2087
2101,10393,2088
2102,10394,2089
2103,10395,2090
2104,10396,2091
2105,10397,2092
2106,10398,2093
2107,10399,2094
2108,10400,2095
2109,10401,2096
2110,10402,2097
2111,10403,2098
2112,10404,2099
2113,10405,2100
2114,10406,2101
2115,10407,2102
2116,10408,2103
2117,10409,2104
2118,10410,2105
2119,10411,2106
2120,10412,2107
2121,10413,2108
2122,10414,2109
2123,10415,2110
2124,10416,2111
2125,10417,2112
2126,10418,2113
2127,10419,2114
2128,10420,2115
2129,10421,2116
2130,10422,2117
2131,10423,2118
2132,10424,2119
2133,10425,2120
2134,10426,2121
2135,10427,2122
2136,10428,2123
2137,10429,2124
2138,10430,2125
2139,10431,2126
2140,10432,2127
2141,10433,2128
2142,10434,2129
2143,10435,2130
2144,10436,2131
2145,10437,2132
2146,10438,2133
2147,10439,2134
2148,10440,2135
2149,10441,2136
2150,10442,2137
2151,10443,2138
2152,10444,2139
2153,10445,2140
2154,10446,2141
2155,10447,2142
2156,10448,2143
2157,10449,2144
2158,10450,2145
2159,10451,2146
2160,10452,2147
2161,10453,2148
2162,10454,2149
2163,10455,2150
2164,10456,2151
2165,10457,2152
2166,10458,2153
2167,10459,2154
2168,10460,2155
2169,10461,2156
2170,10462,2157
2171,10463,2158
2172,10464,2159
2173,10465,2160
2174,10466,2161
2175,10467,2162
2176,10468,2163
2177,10469,2164
2178,10470,2165
2179,10471,2166
2180,10472,2167
2181,10473,2168
2182,10474,2169
2183,10475,2170
2184,10476,2171
2185,10477,2172
2186,10478,2173
2187,10479,2174
2188,10480,2175
2189,10481,2176
2190,10482,2177
2191,10483,2178
2192,10484,2179
2193,10485,2180
2194,10486,2181
2195,10487,2182
2196,10488,2183
2197,10489,2184
2198,10490,2185
2199,10491,2186
2200,10492,2187
2201,10493,2188
2202,10494,2189
2203,10495,2190
2204,10496,2191
2205,10497,2192
2206,10498,2193
2207,10499,2194
2208,10500,2195
2209,10501,2196
2210,10502,2197
2211,10503,2198
2212,10504,2199
2213,10505,2200
2214,10506,2201
2215,10507,2202
2216,10508,2203
2217,10509,2204
2218,10510,2205
2219,10511,2206
2220,10512,2207
2221,10513,2208
2222,10514,2209
2223,10515,2210
2224,10516,2211
2225,10517,2212
2226,10518,2213
2227,10519,2214
2228,10520,2215
2229,10521,2216
2230,10522,2217
2231,10523,2218
2232,10524,2219
2233,10525,2220
2234,10526,2221
2235,10527,2222
2236,10528,2223
2237,10529,2224
2238,10530,2225
2239,10531,2226
2240,10532,2227
2241,10533,2228
2242,10534,2229
2243,10535,2230
2244,10536,2231
2245,10537,2232
2246,10538,2233
2247,10539,2234
2248,10540,2235
2249,10541,2236
2250,10542,2237
2251,10543,2238
2252,10544,2239
2253,10545,2240
2254,10546,2241
2255,10547,2242
2256,10548,2243
2257,10549,2244
2258,10550,2245
2259,10551,2246
2260,10552,2247
2261,10553,2248
2262,10554,2249
2263,10555,2250
2264,10556,2251
2265,10557,2252
2266,10558,2253
2267,10559,2254
2268,10560,2255
2269,10561,2256
2270,10562,2257
2271,10563,2258
2272,10564,2259
2273,10565,2260
2274,10566,2261
2275,10567,2262
2276,10568,2263
2277,10569,2264
2278,10570,2265
2279,10571,2266
2280,10572,2267
2281,10573,2268
2282,10574,2269
2283,10575,2270
2284,10576,2271
2285,10577,2272
2286,10578,2273
2287,10579,2274
2288,10580,2275
2289,10581,2276
2290,10582,2277
2291,10583,2278
2292,10584,2279
2293,10585,2280
2294,10586,2281
2295,10587,2282
2296,10588,2283
2297,10589,2284
2298,10590,2285
2299,10591,2286
2300,10592,2287
2301,10593,2288
2302,10594,2289
2303,10595,2290
2304,10596,2291
2305,10597,2292
2306,10598,2293
2307,10599,2294
2308,10600,2295
2309,10601,2296
2310,10602,2297
2311,10603,2298
2312,10604,2299
2313,10605,2300
2314,10606,2301
2315,10607,2302
2316,10608,2303
2317,10609,2304
2318,10610,2305
2319,10611,2306
2320,10612,2307
2321,10613,2308
2322,10614,2309
2323,10615,2310
2324,10616,2311
2325,10617,2312
2326,10618,2313
2327,10619,2314
2328,10620,2315
2329,10621,2316
2330,10622,2317
2331,10623,2318
2332,10624,2319
2333,10625,2320
2334,10626,2321
2335,10627,2322
2336,10628,2323
2337,10629,2324
2338,10630,2325
2339,10631,2326
2340,10632,2327
2341,10633,2328
2342,10634,2329
2343,10635,2330
2344,10636,2331
2345,10637,2332
2346,10638,2333
2347,10639,2334
2348,10640,2335
2349,10641,2336
2350,10642,2337
2351,10643,2338
2352,10644,2339
2353,10645,2340
2354,10646,2341
2355,10647,2342
2356,10648,2343
2357,10649,2344
2358,10650,2345
2359,10651,2346
2360,10652,2347
2361,10653,2348
2362,10654,2349
2363,10655,2350
2364,10656,2351
2365,10657,2352
2366,10658,2353
2367,10659,2354
2368,10660,2355
2369,10661,2356
2370,10662,2357
2371,10663,2358
2372,10664,2359
2373,10665,2360
2374,10666,2361
2375,10667,2362
2376,10668,2363
2377,10669,2364
2378,10670,2365
2379,10671,2366
2380,10672,2367
2381,10673,2368
2382,10674,2369
2383,10675,2370
2384,10676,2371
2385,10677,2372
2386,10678,2373
2387,10679,2374
2388,10680,2375
2389,10681,2376
2390,10682,2377
2391,10683,2378
2392,10684,2379
2393,10685,2380
2394,10686,2381
2395,10687,2382
2396,10688,2383
2397,10689,2384
2398,10690,2385
2399,10691,2386
2400,10692,2387
2401,10693,2388
2402,10694,2389
2403,10695,2390
2404,10696,2391
2405,10697,2392
2406,10698,2393
2407,10699,2394
2408,10700,2395
2409,10701,2396
2410,10702,2397
2411,10703,2398
2412,10704,2399
2413,10705,2400
2414,10706,2401
2415,10707,2402
2416,10708,2403
2417,10709,2404
2418,10710,2405
2419,10711,2406
2420,10712,2407
2421,10713,2408
2422,10714,2409
2423,10715,2410
2424,10716,2411
2425,10717,2412
2426,10718,2413
2427,10719,2414
2428,10720,2415
2429,10721,2416
2430,10722,2417
2431,10723,2418
2432,10724,2419
2433,10725,2420
2434,10726,2421
2435,10727,2422
2436,10728,2423
2437,10729,2424
2438,10730,2425
2439,10731,2426
2440,10732,2427
2441,10733,2428
2442,10734,2429
2443,10735,2430
2444,10736,2431
2445,10737,2432
2446,10738,2433
2447,10739,2434
2448,10740,2435
2449,10741,2436
2450,10742,2437
2451,10743,2438
2452,10744,2439
2453,10745,2440
2454,10746,2441
2455,10747,2442
2456,10748,2443
2457,10749,2444
2458,10750,2445
2459,10751,2446
2460,10752,2447
2461,10753,2448
2462,10754,2449
2463,10755,2450
2464,10756,2451
2465,10757,2452
2466,10758,2453
2467,10759,2454
2468,10760,2455
2469,10761,2456
2470,10762,2457
2471,10763,2458
2472,10764,2459
2473,10765,2460
2474,10766,2461
2475,10767,2462
2476,10768,2463
2477,10769,2464
2478,10770,2465
2479,10771,2466
2480,10772,2467
2481,10773,2468
2482,10774,2469
2483,10775,2470
2484,10776,2471
2485,10777,2472
2486,10778,2473
2487,10779,2474
2488,10780,2475
2489,10781,2476
2490,10782,2477
2491,10783,2478
2492,10784,2479
2493,10785,2480
2494,10786,2481
2495,10787,2482
2496,10788,2483
2497,10789,2484
2498,10790,2485
2499,10791,2486
2500,10792,2487
2501,10793,2488
2502,10794,2489
2503,10795,2490
2504,10796,2491
2505,10797,2492
2506,10798,2493
2507,10799,2494
2508,10800,2495
2509,10801,2496
2510,10802,2497
2511,10803,2498
2512,10804,2499
2513,10805,2500
2514,10806,2501
2515,10807,2502
2516,10808,2503
2517,10809,2504
2518,10810,2505
2519,10811,2506
2520,10812,2507
2521,10813,2508
2522,10814,2509
2523,10815,2510
2524,10816,2511
2525,10817,2512
2526,10818,2513
2527,10819,2514
2528,10820,2515
2529,10821,2516
2530,10822,2517
2531,10823,2518
2532,10824,2519
2533,10825,2520
2534,10826,2521
2535,10827,2522
2536,10828,2523
2537,10829,2524
2538,10830,2525
2539,10831,2526
2540,10832,2527
2541,10833,2528
2542,10834,2529
2543,10835,2530
2544,10836,2531
2545,10837,2532
2546,10838,2533
2547,10839,2534
2548,10840,2535
2549,10841,2536
2550,10842,2537
2551,10843,2538
2552,10844,2539
2553,10845,2540
2554,10846,2541
2555,10847,2542
2556,10848,2543
2557,10849,2544
2558,10850,2545
2559,10851,2546
2560,10852,2547
2561,10853,2548
2562,10854,2549
2563,10855,2550
2564,10856,2551
2565,10857,2552
2566,10858,2553
2567,10859,2554
2568,10860,2555
2569,10861,2556
2570,10862,2557
2571,10863,2558
2572,10864,2559
2573,10865,2560
2574,10866,2561
2575,10867,2562
2576,10868,2563
2577,10869,2564
2578,10870,2565
2579,10871,2566
2580,10872,2567
2581,10873,2568
2582,10874,2569
2583,10875,2570
2584,10876,2571
2585,10877,2572
2586,10878,2573
2587,10879,2574
2588,10880,2575
2589,10881,2576
2590,10882,2577
2591,10883,2578
2592,10884,2579
2593,10885,2580
2594,10886,2581
2595,10887,2582
2596,10888,2583
2597,10889,2584
2598,10890,2585
2599,10891,2586
2600,10892,2587
2601,10893,2588
2602,10894,2589
2603,10895,2590
2604,10896,2591
2605,10897,2592
2606,10898,2593
2607,10899,2594
2608,10900,2595
2609,10901,2596
2610,10902,2597
2611,10903,2598
2612,10904,2599
2613,10905,2600
2614,10906,2601
2615,10907,2602
2616,10908,2603
2617,10909,2604
2618,10910,2605
2619,10911,2606
2620,10912,2607
2621,10913,2608
2622,10914,2609
2623,10915,2610
2624,10916,2611
2625,10917,2612
2626,10918,2613
2627,10919,2614
2628,10920,2615
2629,10921,2616
2630,10922,2617
2631,10923,2618
2632,10924,2619
2633,10925,2620
2634,10926,2621
2635,10927,2622
2636,10928,2623
2637,10929,2624
2638,10930,2625
2639,10931,2626
2640,10932,2627
2641,10933,2628
2642,10934,2629
2643,10935,2630
2644,10936,2631
2645,10937,2632
2646,10938,2633
2647,10939,2634
2648,10940,2635
2649,10941,2636
2650,10942,2637
2651,10943,2638
2652,10944,2639
2653,10945,2640
2654,10946,2641
2655,10947,2642
2656,10948,2643
2657,10949,2644
2658,10950,2645
2659,10951,2646
2660,10952,2647
2661,10953,2648
2662,10954,2649
2663,10955,2650
2664,10956,2651
2665,10957,2652
2666,10958,2653
2667,10959,2654
2668,10960,2655
2669,10961,2656
2670,10962,2657
2671,10963,2658
2672,10964,2659
2673,10965,2660
2674,10966,2661
2675,10967,2662
2676,10968,2663
2677,10969,2664
2678,10970,2665
2679,10971,2666
2680,10972,2667
2681,10973,2668
2682,10974,2669
2683,10975,2670
2684,10976,2671
2685,10977,2672
2686,10978,2673
2687,10979,2674
2688,10980,2675
2689,10981,2676
2690,10982,2677
2691,10983,2678
2692,10984,2679
2693,10985,2680
2694,10986,2681
2695,10987,2682
2696,10988,2683
2697,10989,2684
2698,10990,2685
2699,10991,2686
2700,10992,2687
2701,10993,2688
2702,10994,2689
2703,10995,2690
2704,10996,2691
2705,10997,2692
2706,10998,2693
2707,10999,2694
2708,11000,2695
2709,11001,2696
2710,11002,2697
2711,11003,2698
2712,11004,2699
2713,11005,2700
2714,11006,2701
2715,11007,2702
2716,11008,2703
2717,11009,2704
2718,11010,2705
2719,11011,2706
2720,11012,2707
2721,11013,2708
2722,11014,2709
2723,11015,2710
2724,11016,2711
2725,11017,2712
2726,11018,2713
2727,11019,2714
2728,11020,2715
2729,11021,2716
2730,11022,2717
2731,11023,2718
2732,11024,2719
2733,11025,2720
2734,11026,2721
2735,11027,2722
2736,11028,2723
2737,11029,2724
2738,11030,2725
2739,11031,2726
2740,11032,2727
2741,11033,2728
2742,11034,2729
2743,11035,2730
2744,11036,2731
2745,11037,2732
2746,11038,2733
2747,11039,2734
2748,11040,2735
2749,11041,2736
2750,11042,2737
2751,11043,2738
2752,11044,2739
2753,11045,2740
2754,11046,2741
2755,11047,2742
2756,11048,2743
2757,11049,2744
2758,11050,2745
2759,11051,2746
2760,11052,2747
2761,11053,2748
2762,11054,2749
2763,11055,2750
2764,11056,2751
2765,11057,2752
2766,11058,2753
2767,11059,2754
2768,11060,2755
2769,11061,2756
2770,11062,2757
2771,11063,2758
2772,11064,2759
2773,11065,2760
2774,11066,2761
2775,11067,2762
2776,11068,2763
2777,11069,2764
2778,11070,2765
2779,11071,2766
2780,11072,2767
2781,11073,2768
2782,11074,2769
2783,11075,2770
2784,11076,2771
2785,11077,2772
2786,11078,2773
2787,11079,2774
2788,11080,2775
2789,11081,2776
2790,11082,2777
2791,11083,2778
2792,11084,2779
2793,11085,2780
2794,11086,2781
2795,11087,2782
2796,11088,2783
2797,11089,2784
2798,11090,2785
2799,11091,2786
2800,11092,2787
2801,11093,2788
2802,11094,2789
2803,11095,2790
2804,11096,2791
2805,11097,2792
2806,11098,2793
2807,11099,2794
2808,11100,2795
2809,11101,2796
2810,11102,2797
2811,11103,2798
2812,11104,2799
2813,11105,2800
2814,11106,2801
2815,11107,2802
2816,11108,2803
2817,11109,2804
2818,11110,2805
2819,11111,2806
2820,11112,2807
2821,11113,2808
2822,11114,2809
2823,13732,2810
2824,13734,2811
2825,13761,2812
2826,13763,2813
2827,19957,2792
2828,23639,2792
2829,23640,2792
2830,27518,355
