id,event_id,condition_id,position,source_id,target_id
1,2212,5,1,1,3
2,2213,6,1,1,3
3,2217,7,1,1,3
4,2217,8,2,1,4
5,2218,9,1,1,3
6,2218,10,2,1,4
7,2219,11,1,1,3
8,2219,12,2,1,4
9,2220,13,1,1,3
10,2220,14,2,1,4
11,2226,17,1,1,3
12,2226,18,2,1,4
13,2227,19,1,1,3
14,2227,20,2,1,4
15,2228,21,1,1,3
16,2228,22,2,1,4
17,2229,23,1,1,3
18,2229,24,2,1,4
19,2230,26,1,1,4
20,2237,28,1,1,3
21,1888,29,1,1,4
22,2008,31,1,1,4
23,2238,32,1,1,4
24,2283,39,1,1,4
25,2290,52,1,1,3
26,2303,53,1,1,4
27,2303,54,2,1,4
28,2313,55,1,1,4
29,2313,56,2,1,4
30,2314,57,1,1,4
31,2314,58,2,1,4
32,2315,59,1,1,4
33,2315,60,2,1,4
34,2326,68,1,1,4
35,2326,69,2,1,4
36,2327,70,1,1,4
37,2327,71,2,1,4
38,2328,72,1,1,4
39,2328,73,2,1,4
40,2329,74,1,1,4
41,2329,75,2,1,4
42,2335,76,1,1,4
43,2335,77,2,1,4
44,2337,78,1,1,4
45,2337,79,2,1,4
46,2338,80,1,1,4
47,2338,81,2,1,4
48,2339,82,1,1,4
49,2339,83,2,1,4
50,2349,90,1,1,4
51,2349,91,2,1,4
52,2351,92,1,1,4
53,2351,93,2,1,4
54,2352,94,1,1,4
55,2352,95,2,1,4
56,2353,96,1,1,4
57,2353,97,2,1,4
58,2355,98,1,1,3
59,2356,99,1,1,3
60,2394,102,1,1,4
61,2395,103,1,1,3
62,2395,104,2,1,4
63,2400,107,1,1,3
64,2400,108,2,1,4
65,2402,111,1,1,4
66,2403,112,1,1,4
67,2404,113,1,1,3
68,2404,114,2,1,4
69,2406,117,1,1,3
70,2406,118,2,1,4
71,2408,121,1,1,4
72,2348,122,1,1,3
73,2357,123,1,1,3
74,2412,124,1,1,4
75,2301,125,1,3,4
76,2333,130,1,3,4
77,2428,132,1,1,4
78,2434,135,1,3,4
79,2445,137,1,3,4
80,2447,139,1,3,4
81,2448,140,1,3,4
82,2449,144,1,3,4
83,2450,145,1,3,4
84,2301,147,2,3,3
85,2449,148,2,3,3
86,2450,149,2,3,3
87,2332,151,1,3,3
88,2473,152,1,3,3
89,2474,153,1,3,3
90,2300,154,1,3,3
91,2476,155,1,3,3
92,2475,156,1,3,3
93,2477,157,1,3,4
94,2500,160,1,3,4
95,2500,161,2,3,4
96,2502,162,1,3,4
97,2502,163,2,3,4
98,2503,165,1,3,4
99,2503,166,2,3,4
100,2504,167,1,3,4
101,2504,168,2,3,4
102,2517,170,1,3,4
103,2518,171,1,3,4
104,2568,176,1,3,3
105,2570,177,1,3,3
106,2571,178,1,3,3
107,2573,179,1,3,3
108,2574,180,1,3,3
109,2575,181,1,3,4
110,2540,182,1,3,3
111,2687,183,1,3,3
112,2689,184,1,3,3
113,2692,185,1,3,4
114,2693,189,1,1,4
115,2287,192,1,3,4
116,2696,193,1,3,4
117,2704,194,1,3,4
118,2705,195,1,3,4
119,2706,196,1,3,4
120,2707,197,1,3,4
121,2712,198,1,3,4
122,2712,199,2,3,4
123,2714,200,1,3,4
124,2714,201,2,3,4
125,2715,202,1,3,4
126,2354,203,1,3,4
127,2718,205,1,3,4
128,2720,206,1,3,4
129,2721,207,1,3,4
130,2719,208,1,3,4
131,2724,209,1,1,4
132,2726,210,1,3,4
133,2718,211,2,3,4
134,2718,212,3,3,4
135,2718,213,4,3,4
136,2730,214,1,3,4
137,2731,215,1,3,4
138,2659,216,1,3,4
139,2659,217,2,3,4
140,2720,219,2,3,4
141,2721,220,2,3,4
142,2659,221,3,3,4
143,2718,222,5,3,4
144,1977,223,1,3,3
145,1667,224,1,3,3
146,1668,225,1,3,3
147,1669,226,1,3,3
148,2020,238,1,3,3
149,2021,239,1,3,3
150,2023,241,1,3,3
151,2022,242,1,3,3
152,2028,243,1,3,3
153,2035,244,1,3,3
154,2037,245,1,3,3
155,2029,246,1,3,3
156,2034,247,1,3,3
157,2030,248,1,3,3
158,1977,250,2,3,3
159,2020,253,2,3,3
160,2021,254,2,3,3
161,2023,255,2,3,3
162,2022,256,2,3,3
163,2028,257,2,3,3
164,2035,258,2,3,3
165,2037,259,2,3,3
166,2029,260,2,3,3
167,2034,261,2,3,3
168,2030,262,2,3,3
169,2599,263,1,3,3
170,2600,264,1,3,3
171,2601,265,1,3,3
172,2602,266,1,3,3
173,2605,267,1,3,3
176,2447,369,2,3,4
177,2333,370,2,3,4
178,2448,371,2,3,4
179,2657,372,1,3,4
180,2170,373,1,3,4
181,2301,374,3,3,4
182,2449,375,3,3,4
183,2450,376,3,3,4
184,2325,377,1,3,4
185,2786,379,1,3,4
186,2787,380,1,3,4
187,2788,381,1,1,4
188,2789,383,1,1,4
189,2805,386,1,3,3
190,2718,389,6,3,4
191,2850,390,1,3,4
192,2850,391,2,3,4
193,2851,392,1,3,4
194,2851,393,2,3,4
195,2852,394,1,3,4
196,2852,395,2,3,4
197,2850,396,3,3,4
198,2850,397,4,3,4
199,2851,398,3,3,4
200,2851,399,4,3,4
201,2852,400,3,3,4
202,2852,401,4,3,4
203,1136,405,1,3,3
205,2876,407,1,3,3
207,2877,409,1,3,3
208,2781,410,1,3,3
210,2878,412,1,3,3
212,2879,414,1,3,3
213,2216,415,1,3,3
214,2881,416,1,3,3
215,2882,417,1,3,3
216,2324,418,1,3,3
217,2886,419,1,3,3
218,2887,420,1,3,3
219,2933,421,1,3,3
220,2941,422,1,3,3
221,2942,423,1,3,3
222,2947,424,1,3,3
223,2948,425,1,3,3
224,2949,426,1,3,3
225,2231,427,1,3,4
226,2971,428,1,3,4
227,2973,429,1,3,3
228,2974,430,1,3,3
229,2975,431,1,3,3
230,2983,432,1,3,4
232,2988,434,1,3,3
237,3002,439,1,3,4
238,3015,440,1,3,4
239,3017,441,1,3,4
240,3116,442,1,3,4
241,3112,443,1,3,3
242,3118,444,1,3,4
243,3120,445,1,3,4
244,3121,446,1,3,4
245,3122,447,1,3,4
246,3123,448,1,3,3
247,3132,449,1,3,4
248,3139,450,1,3,4
249,3186,451,1,3,4
250,3187,452,1,3,4
251,3188,453,1,3,4
252,3189,454,1,3,4
253,3190,455,1,3,4
254,3192,457,1,3,4
255,3245,458,1,3,4
256,3378,460,1,1,4
257,3258,463,1,3,1
258,3258,464,2,3,1
259,3259,465,1,3,1
260,3259,466,2,3,1
261,3260,467,1,3,1
262,3260,468,2,3,1
263,3304,469,1,3,1
264,3304,470,2,3,1
265,3309,471,1,3,1
266,3309,472,2,3,1
267,3422,473,1,3,1
268,3422,474,2,3,1
269,3424,475,1,3,1
270,3424,476,2,3,1
271,3425,477,1,3,1
272,3425,478,2,3,1
273,3427,479,1,3,1
274,3427,480,2,3,1
275,3335,481,1,3,1
276,3335,482,2,3,1
277,3338,483,1,3,1
278,3338,484,2,3,1
279,3361,485,1,3,1
280,3361,486,2,3,1
281,3405,487,1,3,1
282,3405,488,2,3,1
283,3364,489,1,3,1
284,3364,490,2,3,1
285,3397,491,1,3,1
286,3397,492,2,3,1
287,3484,500,1,3,4
288,3484,501,2,3,4
289,3599,503,1,3,1
290,3599,504,2,3,1
291,3599,505,3,1,4
292,3620,506,1,3,1
293,3620,507,2,3,1
294,3620,508,3,1,4
295,3621,509,1,3,1
296,3621,510,2,3,1
297,3621,511,3,1,4
298,3721,512,1,3,4
299,3739,513,1,3,4
300,3739,514,2,3,4
301,3741,515,1,3,4
302,3741,516,2,3,4
303,3736,517,1,3,4
304,3877,519,1,3,3
305,3883,525,1,3,4
306,3885,526,1,3,4
307,3892,527,1,3,3
308,3877,531,2,3,3
309,4244,532,1,3,3
310,4244,533,2,3,3
311,4245,534,1,3,3
312,4245,535,2,3,3
313,3892,536,2,3,3
314,4246,537,1,3,3
315,4246,538,2,3,3
316,4247,539,1,3,3
317,4247,540,2,3,3
318,4269,541,1,3,1
319,4269,542,2,3,1
320,4276,547,1,3,1
321,4276,548,2,3,1
322,4279,549,1,3,1
323,4279,550,2,3,1
324,4294,551,1,3,4
325,4314,553,1,3,4
326,4317,556,1,3,4
327,4373,558,1,3,4
328,4373,559,2,3,3
329,4374,560,1,3,4
330,4374,561,2,3,3
331,4372,562,1,3,4
332,4371,563,1,3,4
333,4369,566,1,3,3
334,4369,567,2,3,3
335,4388,568,1,3,3
336,4388,569,2,3,3
337,4389,571,1,3,3
338,4556,576,1,3,4
339,4565,577,1,1,4
340,2694,578,1,3,4
341,4607,579,1,3,4
342,4625,580,1,3,3
343,4627,581,1,3,4
344,4631,582,1,3,4
345,4632,583,1,3,3
346,4633,584,1,3,3
347,4634,585,1,3,3
348,4628,586,1,3,4
349,4628,587,2,3,4
350,4628,588,3,3,4
351,4697,589,1,3,4
352,4698,590,1,3,4
353,4699,591,1,3,4
354,4628,592,4,3,4
355,4724,593,1,3,3
356,4724,594,2,3,4
357,3499,595,1,3,3
358,4020,596,1,3,3
359,4021,597,1,3,3
360,4022,598,1,3,3
361,4772,599,1,3,4
362,4772,600,2,3,4
363,4772,601,3,3,4
364,4779,602,1,3,1
365,4779,603,2,3,1
366,4780,604,1,3,1
367,4780,605,2,3,1
368,4782,606,1,3,3
369,4783,607,1,3,3
370,4784,608,1,3,3
371,4803,609,1,3,3
372,4804,610,1,3,3
373,4805,611,1,3,3
374,4820,612,1,3,3
375,4821,613,1,3,3
376,4822,614,1,3,3
377,4906,615,1,3,4
378,4955,618,1,3,4
379,4956,619,1,3,4
380,4957,620,1,3,4
381,5015,621,1,3,4
382,2325,622,2,3,4
383,4088,623,1,3,4
384,4088,624,2,3,4
385,4909,625,1,3,3
386,4909,626,2,3,3
387,5027,627,1,3,3
388,5027,628,2,3,3
389,5028,629,1,3,3
390,5028,630,2,3,3
391,4265,631,1,3,3
392,4265,632,2,3,3
393,5026,633,1,3,3
394,5026,634,2,3,3
395,4914,635,1,3,3
396,4914,636,2,3,3
397,5029,637,1,3,3
398,5029,638,2,3,3
399,5030,639,1,3,3
400,5030,640,2,3,3
401,5031,641,1,3,3
402,5031,642,2,3,3
403,4076,643,1,3,3
404,4076,644,2,3,3
405,4074,645,1,3,3
406,4074,646,2,3,3
407,4064,647,1,3,3
408,4064,648,2,3,3
409,4216,649,1,3,3
410,4216,650,2,3,3
411,4252,651,1,3,3
412,4252,652,2,3,3
413,4249,653,1,3,3
414,4249,654,2,3,3
415,3482,655,1,3,4
416,5048,656,1,3,4
417,4628,657,5,3,4
418,4628,658,6,3,4
419,5077,665,1,3,4
420,5077,666,2,3,4
421,5077,667,3,3,4
422,5077,668,4,3,4
423,5077,669,5,3,4
424,5077,670,6,3,4
425,2827,671,1,3,4
426,2820,672,1,3,4
427,5090,673,1,3,4
428,5090,674,2,3,4
429,5092,675,1,3,4
430,5092,676,2,3,4
431,5093,677,1,3,4
432,5093,678,2,3,4
433,5094,679,1,3,4
434,5094,680,2,3,4
435,5097,681,1,3,4
436,5097,682,2,3,4
437,5097,683,3,3,4
438,5097,684,4,3,4
439,5097,685,5,3,4
440,5097,686,6,3,4
441,5102,687,1,3,3
442,5102,688,2,3,4
443,5102,689,3,3,3
444,5102,690,4,3,3
445,5102,691,5,3,3
446,5102,692,6,3,3
447,5102,693,7,3,3
448,5102,694,8,3,3
449,5104,695,1,3,4
450,5105,696,1,3,4
452,5112,698,1,3,4
453,5113,699,1,3,4
454,5113,700,2,3,3
455,5113,701,3,3,3
456,5113,702,4,3,3
457,5113,703,5,3,3
458,5113,704,6,3,3
459,5113,705,7,3,3
460,5113,706,8,3,3
461,5114,707,1,3,4
462,5108,708,1,3,4
463,5115,709,1,3,4
464,5131,710,1,3,4
465,5077,711,7,3,4
466,5034,712,1,3,1
467,3535,713,1,3,1
468,5196,714,1,3,4
469,5196,715,2,3,4
470,5196,716,3,3,4
471,2659,717,4,3,4
472,2659,718,5,3,4
473,5196,719,4,3,4
474,5196,720,5,3,4
475,5306,721,1,3,4
476,5310,722,1,3,3
477,5313,723,1,3,3
478,5325,724,1,3,4
479,5372,725,1,3,3
481,5378,730,1,3,3
482,5461,731,1,3,3
483,5462,732,1,3,3
484,5469,733,1,3,3
485,5373,734,1,3,3
486,5491,735,1,3,3
487,5493,736,1,3,3
488,5494,737,1,3,3
489,5495,738,1,3,3
490,5496,739,1,3,3
491,5497,740,1,3,3
492,5498,741,1,3,3
493,5499,742,1,3,3
494,5500,743,1,3,3
495,5501,744,1,3,3
497,5503,746,1,3,3
498,5504,747,1,3,3
499,5505,748,1,3,3
500,5506,749,1,3,3
501,5568,750,1,3,4
503,5594,752,1,3,4
504,5595,753,1,3,4
505,5595,754,2,3,4
506,5595,755,3,3,4
507,5595,756,4,3,4
508,5595,757,5,3,4
509,5599,758,1,3,4
510,5599,759,2,3,4
511,5599,760,3,3,4
512,5599,761,4,3,4
513,5599,762,5,3,4
515,5618,764,1,3,4
516,2659,765,6,3,4
518,4628,767,7,3,4
528,5673,777,1,3,4
529,5661,778,1,3,4
532,5663,781,1,3,4
534,5701,783,1,3,4
535,5703,784,1,3,4
536,5704,785,1,3,4
537,5737,786,1,3,4
538,5738,787,1,3,4
539,5739,788,1,3,4
540,5740,789,1,3,4
541,5742,790,1,3,4
542,5743,791,1,3,4
543,5744,792,1,3,4
544,5745,793,1,3,4
545,5746,794,1,3,4
546,5747,795,1,3,4
549,5754,800,1,3,3
550,5754,801,2,3,3
551,5759,802,1,3,3
552,5759,803,2,3,3
553,5769,804,1,3,3
554,5769,805,2,3,3
555,5796,806,1,3,3
556,5796,807,2,3,3
557,5802,808,1,3,3
558,5802,809,2,3,3
559,5807,810,1,3,3
560,5807,811,2,3,3
561,5811,812,1,3,3
562,5811,813,2,3,3
563,5812,814,1,3,3
564,5812,815,2,3,3
565,5813,816,1,3,3
566,5813,817,2,3,3
567,5817,818,1,3,3
568,5817,819,2,3,3
569,5818,820,1,3,3
570,5818,821,2,3,3
571,5822,822,1,3,3
572,5822,823,2,3,3
573,5823,824,1,3,3
574,5823,825,2,3,3
575,5824,826,1,3,3
576,5824,827,2,3,3
577,5826,828,1,3,3
578,5826,829,2,3,3
579,5829,830,1,3,3
580,5829,831,2,3,3
583,5916,836,1,3,3
584,5917,837,1,3,3
585,5918,838,1,3,3
586,5930,839,1,3,4
587,5934,840,1,3,4
588,5971,843,1,3,4
589,5972,844,1,3,4
591,5928,846,1,3,4
592,6008,847,1,3,4
593,6014,848,1,3,4
594,6016,849,1,3,4
595,6018,850,1,3,4
596,6020,851,1,3,4
597,6054,852,1,3,4
598,6058,853,1,3,4
599,6059,854,1,3,4
600,6060,855,1,3,4
601,6061,856,1,3,4
602,6064,857,1,3,4
603,6068,858,2,3,4
604,6069,859,1,3,4
605,6075,860,1,3,4
606,6070,861,1,3,4
607,6071,862,1,3,4
608,6079,863,1,3,4
609,6078,864,1,3,4
611,6085,866,1,3,4
612,6233,867,1,3,4
613,6237,868,2,3,4
615,6238,870,1,3,4
616,6239,871,1,3,4
617,6240,872,1,3,4
618,6241,873,1,3,4
619,6244,874,1,3,4
620,6245,875,1,3,4
621,6246,876,1,3,4
622,6247,877,1,3,4
624,5484,879,1,3,4
625,5662,880,1,3,4
626,6257,881,1,3,3
629,6297,884,1,3,3
630,6303,885,1,3,4
631,6304,886,1,3,4
632,6305,887,1,3,4
633,6308,888,1,3,4
637,6325,892,1,3,4
638,6326,893,1,3,4
639,6332,894,1,3,4
640,6333,895,1,3,4
641,6332,896,2,3,4
642,6333,897,2,3,4
644,6353,899,1,3,4
649,6352,904,1,3,4
650,6360,905,1,3,4
651,6361,906,1,3,4
652,6362,907,1,3,4
653,6363,908,1,3,4
654,6367,909,1,3,4
655,6368,910,1,3,4
656,6372,911,1,3,4
657,6373,912,1,3,4
658,6374,913,1,3,4
659,6375,914,1,3,4
660,6376,915,1,3,4
661,6377,916,1,3,4
662,6382,917,1,3,4
663,6383,918,1,3,4
664,6384,919,1,3,4
665,6390,920,1,3,4
666,6391,921,1,3,4
667,6394,922,1,3,4
668,6393,923,1,3,4
669,6392,924,1,3,4
670,6395,925,1,3,4
671,6396,926,1,3,4
672,6397,927,1,3,4
673,6405,928,1,3,4
674,6406,929,1,3,4
675,6407,930,1,3,4
676,6408,931,1,3,4
677,6409,932,1,3,4
678,6410,933,1,3,4
679,6398,934,1,3,3
680,6420,935,1,3,4
681,6421,936,1,3,4
682,6422,937,1,3,4
683,6423,938,1,3,4
684,6424,939,1,3,4
685,6425,940,1,3,4
686,6426,941,1,3,4
687,6427,942,1,3,4
688,6428,943,1,3,4
689,6429,944,1,3,4
690,6430,945,1,3,4
691,6431,946,1,3,4
692,6432,947,1,3,4
693,6433,948,1,3,4
694,6598,950,1,3,4
695,6629,951,1,3,4
696,6633,952,1,3,4
700,6650,958,1,3,3
701,6658,961,1,3,4
702,6660,962,1,3,4
703,6695,963,1,3,4
704,6699,964,1,3,1
705,6719,965,1,3,3
706,6726,966,1,3,3
707,6746,970,1,3,3
708,6747,971,1,3,3
716,6755,980,1,3,4
718,6757,982,1,3,4
719,6758,983,1,3,4
721,5726,992,1,3,1
732,6809,1005,1,3,1
734,6068,1007,1,3,1
735,6811,1008,1,3,1
736,6811,1009,2,3,4
737,6812,1010,1,3,1
738,6812,1011,2,3,4
739,6813,1012,1,3,1
740,6813,1013,2,3,4
741,6814,1014,1,3,1
742,6814,1015,2,3,4
743,6237,1016,1,3,1
744,6815,1017,1,3,1
745,6815,1018,2,3,4
746,6816,1019,1,3,1
747,6816,1020,2,3,4
748,6817,1021,1,3,1
749,6817,1022,2,3,4
750,6818,1023,1,3,1
751,6818,1024,2,3,4
752,6838,1025,1,3,1
755,6861,1028,1,3,4
756,6862,1029,1,3,4
757,6864,1030,1,3,4
758,6870,1031,1,3,4
759,6885,1032,1,3,4
760,6889,1033,1,3,4
764,6843,1038,1,3,1
766,6845,1040,1,3,1
768,6846,1042,1,3,1
770,6847,1044,1,3,1
772,6848,1046,1,3,1
774,6849,1048,1,3,1
776,6851,1050,1,3,1
778,6852,1052,1,3,1
780,6853,1054,1,3,1
782,6771,1056,1,3,1
784,6779,1058,1,3,1
786,6780,1060,1,3,1
788,6781,1062,1,3,1
790,6785,1064,1,3,1
792,6786,1066,1,3,1
794,6787,1068,1,3,1
796,6800,1070,1,3,1
798,6801,1072,1,3,1
800,6810,1074,1,3,1
802,6828,1076,1,3,1
804,6829,1078,1,3,1
806,6830,1080,1,3,1
808,6831,1082,1,3,1
810,6832,1084,1,3,1
812,6833,1086,1,3,1
814,6834,1088,1,3,1
816,6835,1090,1,3,1
820,5731,1096,1,3,1
822,5732,1098,1,3,1
824,5734,1100,1,3,1
826,6902,1102,1,3,3
827,6902,1103,2,3,3
828,6902,1104,3,3,3
829,6902,1105,4,3,3
830,6902,1106,5,3,3
831,6902,1107,6,3,3
832,6902,1108,7,3,3
833,6904,1109,1,3,4
834,6911,1110,1,3,3
835,6912,1111,1,3,3
836,6911,1112,2,3,3
837,6912,1113,2,3,3
841,6919,1117,1,3,1
842,6921,1118,1,3,1
843,6922,1119,1,3,1
844,6923,1120,1,3,1
845,6952,1121,1,3,4
846,6953,1122,1,3,4
847,6955,1123,1,3,4
848,6961,1124,1,3,4
849,6962,1125,1,3,4
850,6964,1126,1,3,4
851,6970,1127,1,3,4
852,6971,1128,1,3,4
853,6973,1129,1,3,4
854,6981,1130,1,3,4
855,6982,1131,1,3,4
856,6984,1132,1,3,4
857,6992,1133,1,3,4
862,6995,1138,1,3,4
863,6996,1139,1,3,4
864,6996,1140,2,3,1
865,6996,1141,3,3,1
866,6838,1148,2,3,1
867,6843,1149,2,3,1
868,6845,1150,2,3,1
869,6846,1151,2,3,1
870,6847,1152,2,3,1
871,6848,1153,2,3,1
872,6849,1154,2,3,1
873,6851,1155,2,3,1
874,6852,1156,2,3,1
875,6853,1157,2,3,1
876,6922,1158,2,3,1
877,6809,1159,2,3,1
878,6810,1160,2,3,1
879,6828,1161,2,3,1
880,6829,1162,2,3,1
881,6830,1163,2,3,1
882,6831,1164,2,3,1
883,6832,1165,2,3,1
884,6833,1166,2,3,1
885,6834,1167,2,3,1
886,6835,1168,2,3,1
887,5726,1169,2,3,1
888,6771,1170,2,3,1
889,6779,1171,2,3,1
890,6780,1172,2,3,1
891,6781,1173,2,3,1
892,6785,1174,2,3,1
893,6786,1175,2,3,1
894,6787,1176,2,3,1
895,6800,1177,2,3,1
896,6801,1178,2,3,1
897,5731,1179,2,3,1
898,5732,1180,2,3,1
899,5734,1181,2,3,1
904,5728,1186,1,3,1
908,7030,1190,1,3,4
909,7031,1191,1,3,4
910,7037,1192,1,3,4
911,7038,1193,1,3,4
912,7039,1194,1,3,4
914,7041,1196,1,3,4
915,7042,1197,1,3,4
916,7043,1198,1,3,4
917,7044,1199,1,3,4
918,7045,1200,1,3,4
919,7048,1201,1,3,4
920,7048,1202,2,3,4
921,7048,1203,3,3,4
922,7048,1204,4,3,4
923,7048,1205,5,3,4
924,7048,1206,6,3,4
925,7048,1207,7,3,4
926,7053,1208,1,3,1
928,7055,1210,1,3,1
929,7056,1211,1,3,1
930,7057,1212,1,3,1
931,7058,1213,1,3,1
932,7059,1214,1,3,1
933,7060,1215,1,3,4
934,7060,1216,2,3,1
935,7060,1217,3,3,1
937,7066,1219,1,3,1
938,7072,1220,1,3,4
939,7073,1221,1,3,4
940,7079,1222,1,3,4
942,7091,1224,1,3,3
943,7092,1225,1,3,3
944,7093,1226,1,3,3
946,7095,1228,1,3,3
947,7096,1229,1,3,3
949,7097,1231,1,3,3
951,7098,1233,1,3,3
953,7099,1235,1,3,3
954,7100,1236,1,3,3
955,7115,1237,1,1,4
958,7120,1240,1,3,1
959,7120,1241,2,3,1
960,7121,1242,1,3,4
961,7127,1243,1,3,4
962,7131,1244,1,3,4
963,7134,1245,1,3,4
967,7136,1250,1,3,3
971,7160,1254,1,3,4
973,7178,1257,1,3,4
978,7203,1265,1,3,4
979,7211,1267,1,3,4
987,7229,1275,1,3,4
988,7232,1276,1,3,4
989,7233,1277,1,3,4
994,7184,1282,1,3,3
997,7250,1286,1,3,1
998,7255,1287,1,3,4
999,7256,1288,1,3,4
1000,7257,1289,1,3,4
1001,7258,1290,1,3,4
1002,7258,1291,2,3,3
1003,7259,1292,1,3,4
1004,7259,1293,2,3,3
1005,7260,1294,1,3,4
1006,7261,1295,1,3,4
1007,7261,1296,2,3,3
1008,7263,1297,1,3,4
1009,7263,1298,2,3,4
1010,7267,1299,1,3,4
1011,7268,1300,1,3,4
1012,7269,1301,1,3,4
1013,7264,1302,1,3,4
1014,7264,1303,2,3,4
1015,7265,1304,1,3,4
1016,7265,1305,2,3,4
1017,7260,1306,2,3,4
1018,7275,1307,1,3,4
1019,7275,1308,2,3,4
1020,7276,1309,1,3,4
1021,7276,1310,2,3,4
1022,7277,1311,1,3,4
1023,7277,1312,2,3,4
1024,7278,1313,1,3,4
1025,7278,1314,2,3,4
1026,7279,1315,1,3,4
1027,7279,1316,2,3,4
1028,7280,1317,1,3,4
1029,7280,1318,2,3,4
1030,7281,1319,1,3,4
1031,7281,1320,2,3,4
1032,7282,1321,1,3,4
1033,7282,1322,2,3,4
1034,7285,1323,1,3,4
1035,7287,1324,1,3,4
1036,7287,1325,2,3,4
1037,7270,1327,1,3,4
1046,7326,1339,1,3,4
1047,7327,1340,1,3,4
1048,7330,1341,1,3,4
1049,7331,1342,1,3,4
1050,7334,1343,1,3,4
1051,7335,1344,1,3,4
1052,7338,1345,1,3,4
1053,7339,1346,1,3,4
1054,7345,1347,1,3,4
1055,7346,1348,1,3,4
1057,7355,1350,1,1,4
1058,7356,1351,1,1,4
1060,7363,1353,1,1,4
1061,7379,1354,1,3,4
1062,7382,1355,1,1,4
1063,7386,1356,1,1,4
1064,7388,1357,1,3,4
1066,7307,1359,1,3,4
1067,7415,1360,1,3,4
1068,7408,1361,1,3,4
1069,7420,1362,1,3,4
1071,7429,1364,1,3,4
1072,7430,1365,1,3,4
1073,7431,1366,1,3,4
1074,7433,1367,1,3,1
1075,7438,1368,1,3,4
1076,7439,1369,1,3,4
1077,7440,1370,1,3,4
1079,7447,1373,1,3,1
1080,7448,1374,1,3,1
1081,7448,1375,2,3,4
1082,7449,1376,1,3,1
1083,7449,1377,2,3,4
1085,7472,1379,1,3,4
1087,7480,1381,1,3,4
1088,7482,1382,1,3,4
1089,7484,1383,1,3,4
1090,7477,1384,1,3,3
1092,7475,1386,1,3,3
1093,7462,1387,1,3,3
1094,7466,1388,1,3,3
1095,7488,1389,1,3,4
1096,7491,1390,1,3,4
1097,7491,1391,2,3,4
1098,7496,1392,1,3,4
1099,7497,1393,1,3,4
1100,7498,1394,1,3,4
1102,4628,1396,8,3,4
1103,7534,1397,1,3,4
1104,7534,1398,2,3,4
1105,7534,1399,3,3,4
1106,7534,1400,4,3,4
1107,7534,1401,5,3,4
1108,7534,1402,6,3,4
1109,7534,1403,7,3,4
1111,7549,1405,1,3,4
1114,7537,1408,1,3,3
1115,7566,1409,1,3,4
1116,7568,1410,1,3,4
1117,7571,1411,1,3,4
1118,7582,1412,1,1,4
1120,7586,1414,1,3,4
1123,7593,1417,1,3,4
1135,7594,1429,1,3,4
1136,7596,1430,1,3,4
1137,7597,1431,1,3,4
1138,7598,1432,1,3,4
1139,7623,1433,1,3,4
1140,7624,1434,1,3,4
1141,7625,1435,1,3,4
1142,7626,1436,1,3,4
1143,7627,1437,1,3,4
1144,7595,1438,1,3,1
1145,7599,1439,1,3,1
1146,7591,1440,1,3,1
1147,7471,1448,1,3,4
1148,7578,1449,1,3,3
1152,7684,1453,1,3,4
1153,7687,1454,1,3,4
1154,7688,1455,1,3,4
1155,7622,1456,1,3,4
1156,7692,1457,1,3,1
1158,6355,1461,1,3,1
1159,6356,1462,1,3,1
1160,6385,1463,1,3,1
1167,7737,1470,1,3,4
1168,7739,1471,1,3,3
1170,7741,1473,1,3,3
1174,7748,1477,1,3,3
1176,7750,1479,1,3,3
1180,7759,1483,1,3,3
1181,7761,1484,1,3,3
1185,7765,1488,1,3,3
1186,7767,1489,1,3,3
1187,7768,1490,1,3,3
1188,7769,1491,1,3,3
1189,7770,1492,1,3,3
1190,7771,1493,1,3,3
1191,7773,1494,1,3,3
1192,7774,1495,1,3,3
1194,7271,1500,1,3,3
1195,7849,1501,1,3,4
1196,7856,1502,1,3,4
1197,7862,1503,1,3,4
1198,7837,1505,1,1,4
1202,7418,1510,1,3,3
1203,7948,1511,1,1,4
1204,7201,1513,1,3,3
1205,7201,1514,2,3,3
1210,6497,1519,1,3,1
1214,6501,1523,1,3,1
1219,6506,1528,1,3,1
1220,6525,1529,1,3,1
1224,6529,1533,1,3,1
1225,6532,1534,1,3,1
1226,6536,1535,1,3,1
1227,6538,1536,1,3,1
1228,6541,1537,1,3,1
1229,6562,1538,1,3,1
1230,6581,1539,1,3,1
1231,6607,1540,1,3,1
1232,6662,1541,1,3,1
1233,6697,1542,1,3,1
1234,6545,1543,1,3,1
1235,6560,1544,1,3,1
1236,6567,1545,1,3,1
1237,6572,1546,1,3,1
1238,6578,1547,1,3,1
1239,6586,1548,1,3,1
1240,6591,1549,1,3,1
1241,6597,1550,1,3,1
1242,6612,1551,1,3,1
1243,6618,1552,1,3,1
1244,6625,1553,1,3,1
1245,6673,1554,1,3,1
1246,6678,1555,1,3,1
1247,6683,1556,1,3,1
1248,6686,1557,1,3,1
1249,6703,1558,1,3,1
1250,6708,1559,1,3,1
1251,6713,1560,1,3,1
1253,6716,1562,1,3,1
1258,8109,1568,1,3,4
1260,8121,1570,1,3,1
1262,8121,1572,2,3,1
1263,8122,1573,1,3,1
1265,8122,1575,2,3,1
1266,8123,1576,1,3,1
1268,8123,1578,2,3,1
1269,8124,1579,1,3,1
1271,8124,1581,2,3,1
1272,8125,1582,1,3,1
1274,8125,1584,2,3,1
1275,8126,1585,1,3,1
1277,8126,1587,2,3,1
1278,8129,1588,1,3,1
1280,8129,1590,2,3,1
1281,8130,1591,1,3,1
1283,8130,1593,2,3,1
1284,8131,1594,1,3,1
1286,8131,1596,2,3,1
1287,8136,1597,1,3,1
1289,8136,1599,2,3,1
1290,8137,1600,1,3,1
1292,8137,1602,2,3,1
1293,8138,1603,1,3,1
1295,8138,1605,2,3,1
1299,7387,1610,1,3,4
1300,8226,1611,1,3,4
1301,7385,1612,1,3,4
1302,8227,1613,1,3,4
1305,8244,1616,1,1,4
1306,8246,1617,1,3,4
1307,8247,1618,1,3,4
1311,8263,1622,1,3,3
1312,8276,1623,1,3,4
1314,8261,1625,1,1,4
1317,8260,1629,1,3,4
1322,8150,1635,1,3,4
1323,8321,1636,1,3,4
1324,8350,1637,1,3,4
1325,8355,1638,1,3,4
1326,8360,1639,1,3,4
1327,8365,1640,1,3,4
1328,8147,1641,1,3,1
1329,5369,1642,1,3,1
1331,8373,1644,1,3,4
1332,8374,1645,1,3,4
1334,8415,1647,1,3,1
1336,8446,1653,1,3,1
1337,8447,1654,1,3,1
1338,8448,1655,1,3,1
1339,8449,1656,1,3,1
1341,8459,1658,1,3,1
1342,8460,1659,1,3,1
1343,8461,1660,1,3,1
1344,8462,1661,1,3,1
1345,8474,1662,1,3,4
1350,8512,1668,1,3,4
1353,8525,1671,1,3,4
1354,8530,1672,1,3,4
1356,8532,1674,1,3,4
1357,8534,1675,1,3,4
1358,8535,1676,1,3,4
1360,8554,1678,1,3,4
1362,8560,1680,1,3,1
1363,8544,1681,1,3,1
1369,7852,1690,1,3,1
1374,8606,1700,1,3,4
1375,8600,1701,1,3,4
1376,7852,1702,2,3,1
1378,8668,1704,1,1,4
1379,8672,1705,1,3,4
1380,8674,1706,1,3,4
1381,8669,1707,1,1,4
1382,8676,1708,1,3,4
1383,8677,1709,1,3,4
1384,8695,1711,1,3,4
1386,8724,1714,1,3,3
1390,8740,1718,1,3,3
1392,8767,1720,1,3,4
1393,8769,1721,1,3,4
1394,8767,1722,2,3,4
1395,8778,1723,1,3,4
1396,8779,1724,1,3,3
1397,8780,1725,1,3,3
1398,8772,1726,1,3,1
1401,8796,1729,1,3,4
1402,8800,1730,1,3,4
1403,8782,1731,1,3,1
1406,8805,1734,1,3,1
1407,8801,1735,1,3,1
1408,8811,1736,1,3,4
1409,8667,1737,1,3,3
1410,8818,1738,1,1,4
1411,8816,1739,1,3,4
1413,8822,1741,1,3,4
1414,8826,1742,1,3,4
1415,8802,1743,1,3,4
1416,8825,1744,1,3,4
1418,8833,1746,1,3,4
1419,8834,1747,1,3,4
1420,8835,1748,1,3,4
1421,8838,1749,1,3,3
1422,8839,1750,1,3,3
1424,8843,1752,1,3,3
1425,8846,1753,1,3,4
1426,8851,1754,1,3,4
1441,8955,1776,1,3,4
1443,8960,1778,1,3,4
1444,8964,1779,1,3,4
1446,8972,1781,1,3,4
1448,8974,1783,1,3,4
1450,8993,1787,1,3,4
1451,8995,1788,1,3,4
1452,9024,1790,1,3,4
1453,9029,1791,1,3,3
1467,9087,1825,1,3,4
1468,9155,1832,1,3,4
1471,9178,1835,1,3,3
1472,9186,1836,1,3,1
1473,9186,1837,2,3,1
1474,9223,1838,1,3,4
1475,9240,1839,1,3,4
1476,9254,1840,1,3,4
1477,9259,1841,1,3,4
1478,9276,1842,1,3,4
1480,9303,1845,1,3,4
1482,9346,1850,1,3,4
1483,9435,1852,1,3,4
1484,9436,1853,1,3,4
1489,9602,1859,1,3,1
1490,9603,1860,1,3,1
1496,9709,1866,1,3,4
1500,9725,1873,1,3,1
1501,9726,1874,1,3,1
1502,9740,1876,1,3,3
1503,9742,1878,1,3,4
1505,9749,1880,1,3,4
1511,9787,1886,1,3,4
1512,9793,1887,1,3,4
1513,9799,1888,1,3,4
1514,9827,1890,1,3,4
1515,9847,1891,1,3,3
1516,9848,1892,1,3,3
1517,9849,1893,1,3,3
1518,9850,1894,1,3,3
1519,9851,1895,1,3,3
1520,9833,1896,1,3,1
1521,9853,1898,1,3,3
1522,9854,1899,1,3,3
1523,9855,1900,1,3,3
1524,9856,1901,1,3,3
1525,9857,1902,1,3,3
1528,9623,1905,1,3,4
1529,9860,1906,1,3,4
1530,9663,1907,1,3,4
1531,9861,1908,1,3,4
1532,9634,1909,1,3,4
1535,9632,1912,1,3,4
1537,9929,1914,1,3,4
1542,10036,1926,1,3,4
1543,10095,1929,1,3,4
1572,10194,1959,1,3,4
1573,10200,1960,1,3,4
1574,10201,1961,1,3,4
1575,10202,1962,1,3,4
1576,10203,1963,1,3,4
1577,10204,1964,1,3,4
1578,10205,1965,1,3,4
1579,10206,1966,1,3,4
1580,10211,1967,1,3,3
1581,10214,1968,1,3,3
1585,10259,1972,1,3,3
1587,9898,1974,1,3,4
1588,10298,1977,1,3,1
1589,10299,1978,1,3,1
1590,10299,1979,2,3,4
1591,10298,1980,2,3,4
1593,10300,1982,1,3,4
1595,10302,1984,1,3,1
1596,10316,1985,1,3,3
1598,10316,1987,2,3,4
1600,10342,1989,1,3,4
1601,10349,1990,1,3,4
1602,10351,1991,1,3,4
1603,10358,1992,1,3,4
1604,10358,1993,2,3,3
1605,9727,1994,1,3,1
1606,9730,1995,1,3,1
1607,9729,1996,1,3,1
1609,9728,1998,1,3,1
1610,9731,1999,1,3,1
1612,10384,2001,1,3,4
1613,10387,2002,1,3,4
8000001,8000002,8000001,1,3,3
8000002,8000003,8000002,1,3,3
8000003,8000004,8000003,1,3,3
8000004,8000005,8000004,1,3,3
8000005,8000006,8000005,1,3,3
8000006,8000007,8000006,1,3,3
8000007,8000026,8000007,1,3,3
8000008,8000008,8000008,1,3,3
8000009,8000009,8000009,1,3,3
8000010,8000027,8000010,1,3,3
8000011,8000010,8000011,1,3,3
8000012,8000028,8000012,1,3,3
8000013,8000014,8000013,1,3,4
8000014,8000029,8000014,1,3,4
8000015,8000016,8000015,1,3,4
8000016,8000030,8000016,1,3,4
8000017,8000019,8000017,1,3,3
8000018,8000031,8000018,1,3,4
8000019,8000032,8000019,1,3,4
8000020,8000033,8000020,1,3,3
8000021,8000034,8000021,1,3,3
8000022,8000020,8000022,1,3,3
8000023,8000035,8000023,1,3,3
8000024,8000021,8000024,1,3,3
8000025,8000021,8000025,3,3,3
8000026,8000021,8000026,4,3,3
8000027,8000021,8000027,5,3,3
8000028,8000021,8000028,6,3,3
8000029,8000021,8000029,7,3,3
8000030,8000021,8000030,8,3,3
8000031,8000021,8000031,9,3,3
8000032,8000036,8000032,1,3,3
8000033,8000019,8000033,3,3,3
8000034,8000019,8000034,4,3,3
8000035,8000019,8000035,5,3,3
8000036,8000019,8000036,6,3,3
8000037,8000019,8000037,7,3,3
8000038,8000019,8000038,8,3,3
8000039,8000019,8000039,9,3,3
8000040,8000037,8000040,1,3,3
8000041,8000048,8000041,3,3,3
8000042,8000038,8000042,1,3,3
8000044,8000048,8000044,2,3,4
8000045,8000039,8000045,1,3,3
8000046,8000040,8000046,1,3,3
8000047,8000019,8000047,2,3,4
8000048,8000042,8000048,1,3,3
8000049,8000042,8000049,2,3,4
8000050,8000048,8000050,1,3,3
8000051,8000048,8000051,4,3,3
8000052,8000048,8000052,5,3,3
8000053,8000048,8000053,6,3,3
8000054,8000048,8000054,7,3,3
8000055,8000048,8000055,8,3,3
8000056,8000021,8000056,2,3,4
8000057,8000048,8000057,9,3,3
8000058,8000043,8000058,1,3,3
8000059,8000043,8000059,2,3,3
8000060,8000020,8000060,2,3,4
8000061,8000043,8000061,3,3,3
8000062,8000020,8000062,3,3,3
8000063,8000020,8000063,4,3,3
8000064,8000043,8000064,5,3,3
8000065,8000020,8000065,5,3,3
8000066,8000043,8000066,6,3,3
8000067,8000020,8000067,6,3,3
8000068,8000043,8000068,7,3,3
8000069,8000020,8000069,7,3,3
8000070,8000020,8000070,8,3,3
8000071,8000043,8000071,8,3,3
8000072,8000020,8000072,9,3,3
8000073,8000043,8000073,9,3,3
8000093,8000043,8000093,4,3,3
8000094,8000052,8000094,1,3,3
8000095,8000052,8000095,2,3,4
8000096,8000052,8000096,3,3,3
8000097,8000052,8000097,4,3,3
8000098,8000052,8000098,5,3,3
8000099,8000052,8000099,6,3,3
8000100,8000052,8000100,7,3,3
8000101,8000052,8000101,8,3,3
8000102,8000052,8000102,9,3,3
8000103,8000042,8000103,3,3,3
8000104,8000053,8000104,1,3,3
8000105,8000053,8000105,2,3,4
8000106,8000053,8000106,4,3,3
8000107,8000053,8000107,5,3,3
8000108,8000053,8000108,6,3,3
8000109,8000053,8000109,7,3,3
8000110,8000053,8000110,8,3,3
8000111,8000053,8000111,9,3,3
8000112,8000053,8000112,10,3,3
8000113,8000042,8000113,4,3,3
8000114,8000053,8000114,3,1,4
8000115,8000042,8000115,5,3,3
8000116,8000042,8000116,6,3,3
8000117,8000042,8000117,7,3,3
8000118,8000042,8000118,8,3,3
8000119,8000054,8000119,1,3,3
8000120,8000054,8000120,2,3,4
8000121,8000054,8000121,4,3,3
8000122,8000054,8000122,5,3,3
8000123,8000054,8000123,6,3,3
8000124,8000054,8000124,7,3,3
8000125,8000054,8000125,8,3,3
8000126,8000054,8000126,9,3,3
8000127,8000054,8000127,10,3,3
8000128,8000042,8000128,9,3,3
8000129,8000054,8000129,3,3,3
8000130,8000044,8000130,1,3,3
8000131,8000044,8000131,2,3,4
8000132,8000045,8000132,1,3,3
8000133,8000047,8000133,1,3,3
8000134,8000046,8000134,1,3,3
8000135,8000045,8000135,2,3,4
8000136,8000046,8000136,2,3,4
8000137,8000047,8000137,2,3,4
8000138,8000044,8000138,3,3,3
8000139,8000045,8000139,3,3,3
8000140,8000046,8000140,3,3,3
8000141,8000047,8000141,3,3,3
8000142,8000044,8000142,4,3,3
8000143,8000045,8000143,4,3,3
8000144,8000046,8000144,4,3,3
8000145,8000047,8000145,4,3,3
8000146,8000044,8000146,5,3,3
8000147,8000045,8000147,5,3,3
8000148,8000046,8000148,5,3,3
8000149,8000047,8000149,5,3,3
8000150,8000044,8000150,6,3,3
8000151,8000045,8000151,6,3,3
8000152,8000046,8000152,6,3,3
8000153,8000047,8000153,6,3,3
8000154,8000044,8000154,7,3,3
8000155,8759,8000155,1,3,3
8000156,8000045,8000156,7,3,3
8000157,8000046,8000157,7,3,3
8000158,8759,8000158,2,3,4
8000159,8000047,8000159,7,3,3
8000160,8759,8000160,3,3,4
8000161,8759,8000161,4,3,3
8000162,8000044,8000162,8,3,3
8000163,8000045,8000163,8,3,3
8000164,8759,8000164,5,3,3
8000165,8000046,8000165,8,3,3
8000166,8759,8000166,6,3,3
8000167,8000047,8000167,8,3,3
8000168,8000044,8000168,9,3,3
8000169,8759,8000169,7,3,3
8000170,8000045,8000170,9,3,3
8000171,8759,8000171,8,3,3
8000172,8759,8000172,9,3,3
8000173,8000046,8000173,9,3,3
8000174,8759,8000174,10,3,3
8000175,8000047,8000175,9,3,3
8000176,8762,8000176,1,3,3
8000177,8762,8000177,2,3,4
8000178,8762,8000178,3,3,4
8000179,8762,8000179,4,3,3
8000180,8762,8000180,5,3,3
8000181,8762,8000181,6,3,3
8000182,8762,8000182,7,3,3
8000183,8762,8000183,8,3,3
8000184,8762,8000184,9,3,3
8000186,8762,8000186,10,3,3
8000187,8000056,8000187,1,3,3
8000188,8000056,8000188,2,3,4
8000189,8000056,8000189,4,3,3
8000190,8000056,8000190,5,3,3
8000191,8000056,8000191,6,3,3
8000192,8000056,8000192,7,3,3
8000193,8000056,8000193,8,3,3
8000194,8000056,8000194,9,3,3
8000195,8000056,8000195,10,3,3
8000196,8000058,8000196,1,3,4
8000197,8000056,8000197,3,3,4
8000198,8000058,8000198,2,3,4
8000199,8000059,8000199,1,3,3
8000200,8000060,8000200,1,3,3
